INSERT INTO Pavilhao VALUES
("Pavilhão Cidade Viseu","Viseu"),
("Com. Adelino d. Costa","Avanca"),
("Pav. FC. Gaia","Gaia"),
("Pav. CS Maritimo","Funchal"),
("Antoine Velge","Setúbal"),
("Pav. Luz 2","Lisboa"),
("Pav. Águas Santas","Maia"),
("Mun. Stº Tirso","Santo Tirso"),
("Mun. Póvoa Varzim","Póvoa de Varzim"),
("Pav. F. Sá Leite","Braga"),
("Pav. Acácio Rosa","Lisboa"),
("Pav. João Rocha","Lisboa"),
("Mun. Maia","Maia"),
("Dragão Arena","Porto");


INSERT INTO Campeonato VALUES(1,"Andebol1",70,'17/09/2022','03/06/2023');

INSERT INTO Divisao VALUES("Primeira Divisão",1);


INSERT INTO Jornada VALUES
(1,'17/09/2022','01/11/2022'),
(2,'24/09/2022','24/09/2022'),
(3,'01/10/2022','05/10/2022'),
(4,'08/10/2022','08/10/2022'),
(5,'28/09/2022','22/10/2022'),
(6,'29/10/2022','30/10/2022'),
(7,'05/11/2022','06/11/2022'),
(8,'12/11/2022','12/11/2022'),
(9,'18/11/2022','19/11/2022'),
(10,'26/11/2022','27/11/2022'),
(11,'03/12/2022','03/12/2022'),
(12,'10/12/2022','10/12/2022'),
(13,'16/12/2022','17/12/2022'),
(14,'11/02/2023','11/02/2023'),
(15,'18/02/2023','18/02/2023'),
(16,'25/02/2023','25/02/2023'),
(17,'18/03/2023','18/03/2023'),
(18,'25/03/2023','26/03/2023'),
(19,'01/04/2023','01/04/2023'),
(20,'15/04/2023','15/04/2023'),
(21,'22/04/2023','22/04/2023'),
(22,'06/05/2023','06/05/2023'),
(23,'13/05/2023','13/05/2023'),
(24,'20/05/2023','20/05/2023'),
(25,'27/05/2023','27/05/2023'),
(26,'03/06/2023','03/06/2023');


INSERT INTO Equipa VALUES
("FC Porto","222222222 1 AB1","Primeira",1,25,8,0,1,328),
("Sporting","232587328 1 AC1","Primeira",1,24,8,0,0,271),
("Benfica","295879843 1 AD1","Primeira",1,22,7,0,1,258),
("Marítimo","291976443 1 AE1","Primeira",1,18,4,1,4,248),
("Águas Santas","291426743 1 AF1","Primeira",1,18,5,0,3,219),
("ABC","291426753 1 AG1","Primeira",1,18,5,0,3,245),
("Belenenses","291422543 1 AG1","Primeira",1,17,4,1,3,207),
("Póvoa AC","264426743 1 AH1","Primeira",1,16,4,0,4,227),
("Vitória FC","264356743 1 AI1","Primeira",1,14,3,0,5,220),
("FC Gaia","264106743 1 AJ1","Primeira",1,14,3,0,5,205),
("Artística de Avanca","2214106743 1 AK1","Primeira",1,12,2,0,6,206),
("ADA Maia","2151106743 1 AL1","Primeira",1,12,2,0,6,195),
("Académico de Viseu","3214106743 1 AM1","Primeira",1,10,1,0,7,194),
("GC Santo Tirso","2214287743 1 AN1","Primeira",1,8,0,0,8,208);


INSERT INTO Jogo VALUES
(1,"328995571 6 ZZ5",31,22,'17/09/22','17:00',"Pav. Luz 2",1,1,"Benfica","ADA Maia"),
(2,"134296171 6 ZW8",22,22,'17/09/22','17:00',"Pav. CS Marítimo",1,1,"Marítimo","Belenenses"),
(3,"328848141 0 ZW5",23,27,'17/09/22','18:00',"Com. Adelino D. Costa",1,1,"Artística de Avanca","Póvoa AC"),
(4,"156916001 2 ZY5",25,31,'17/09/22','18:00',"Pav. FC Gaia",1,1,"FC Gaia","ABC"),
(5,"143948111 3 ZW5",24,29,'17/09/22','18:00',"Antoine Velge",1,1,"Vitória FC","Sporting"),
(6,"161273901 1 ZX7",28,27,'18/09/22','18:00',"Pav. Águas Santas",1,1,"Águas Santas","FC Porto"),
(7,"171355211 0 Z16",28,26,'01/11/22','18:00',"Pavilhão Cidade Viseu",1,1,"Académico de Viseu","GC Santo Tirso"),

(8,"328995571 6 ZZ5",25,35,'24/09/22','15:00',"Mun. Stº Tirso",1,2,"GC Santo Tirso","SL Benfica"),
(9,"134296171 6 ZW8",27,29,'24/09/22','15:00',"Pav. Acácio Rosa",1,2,"Belenenses","Águas Santas"),
(10,"328848141 0 ZW5",23,31,'24/09/22','15:00',"Mun. Maia",1,2,"ADA Maia","Vitória FC"),
(11,"156916001 2 ZY5",37,25,'24/09/22','16:30',"Mun. Póvoa Varzim",1,2,"Póvoa AC","Académico de Viseu"),
(12,"143948111 3 ZW5",32,25,'24/09/22','17:00',"Pav. F. Sá Leite",1,2,"ABC","Artística de Avanca"),
(13,"161273901 1 ZX7",36,24,'24/09/22','17:00',"Pav. João Rocha",1,2,"Sporting","Marítimo"),
(14,"171355211 0 Z16",43,26,'24/09/22','18:00',"Dragão Arena",1,2,"FC Porto","FC Gaia"),

(15,"328995571 6 ZZ5",27,29,'01/10/22','15:00',"Pav. Águas Santas",1,3,"Águas Santas","Sporting"),
(16,"134296171 6 ZW8",37,23,'01/10/22','15:00',"Pav. Luz 2",1,3,"Benfica","Vitória FC"),
(17,"143948111 3 ZW5",24,30,'01/10/22','18:00',"Pavilhão Cidade Viseu",1,3,"Académico de Viseu","ABC"),
(18,"161273901 1 ZX7",28,17,'01/10/22','18:00',"Pavilhão Cidade Viseu",1,3,"Académico de Viseu","ABC"),
(19,"171355211 0 Z16",23,28,'01/10/22','18:30',"Com. Adelino D. Costa",1,3,"Artística de Avanca","FC Porto"),
(20,"328848141 0 ZW5",32,27,'02/10/22','17:00',"Pav. CS Marítimo",1,3,"Marítimo","ADA Maia"),
(21,"156916001 2 ZY5",25,29,'05/10/22','18:00',"Mun. Póvoa Varzim",1,3,"GC Santo Tirso","Póvoa AC"),

(22,"328995571 6 ZZ5",30,31,'08/10/22','15:00',"Mun. Póvoa Varzim",1,3,"Póvoa AC","Benfica"),
(23,"134296171 6 ZW8",39,25,'08/10/22','15:00',"Pav. João Rocha",1,3,"Sporting","FC Gaia"),
(24,"143948111 3 ZW5",20,25,'08/10/22','15:00',"Mun. Maia",1,3,"ADA Maia","Águas Santas"),
(25,"161273901 1 ZX7",29,26,'08/10/22','15:00',"Pav. Acácio Rosa",1,3,"Belenenses","Artística de Avanca"),
(26,"171355211 0 Z16",38,33,'08/10/22','17:00',"Pav. F. Sá Leite",1,3,"ABC","GC Santo Tirso"),
(27,"328848141 0 ZW5",29,35,'08/10/22','18:00',"Antoine Velge",1,3,"Vitória FC","Marítimo"),
(28,"156916001 2 ZY5",35,25,'08/10/22','20:30',"Dragão Arena",1,3,"FC Porto","Académico de Viseu");


INSERT INTO Evento VALUES
(1,2,"golo casa",1),
(2,5,"golo casa",1),
(3,8,"golo casa",1),
(4,11,"golo casa",1),
(5,14,"golo casa",1),
(6,16,"golo casa",1),
(7,19,"golo casa",1),
(8,22,"golo casa",1),
(9,25,"golo casa",1),
(10,28,"golo casa",1),
(11,30,"golo casa",1),
(12,33,"golo casa",1),
(13,36,"golo casa",1),
(14,39,"golo casa",1),
(15,42,"golo casa",1),
(16,45,"golo casa",1),
(17,47,"golo casa",1),
(18,50,"golo casa",1),
(19,53,"golo casa",1),
(20,56,"golo casa",1),
(21,59,"golo casa",1),
(22,61,"golo casa",1),
(23,64,"golo casa",1),
(24,67,"golo casa",1),
(25,70,"golo casa",1),
(26,73,"golo casa",1),
(27,75,"golo casa",1),
(28,78,"golo casa",1),
(29,81,"golo casa",1),
(30,84,"golo casa",1),
(31,87,"golo casa",1),
(32,4,"golo fora",1),
(33,8,"golo fora",1),
(34,12,"golo fora",1),
(35,16,"golo fora",1),
(36,20,"golo fora",1),
(37,24,"golo fora",1),
(38,28,"golo fora",1),
(39,32,"golo fora",1),
(40,36,"golo fora",1),
(41,40,"golo fora",1),
(42,44,"golo fora",1),
(43,49,"golo fora",1),
(44,53,"golo fora",1),
(45,57,"golo fora",1),
(46,61,"golo fora",1),
(47,65,"golo fora",1),
(48,69,"golo fora",1),
(49,73,"golo fora",1),
(50,77,"golo fora",1),
(51,81,"golo fora",1),
(52,85,"golo fora",1),
(53,90,"golo fora",1),
(54,11,"cartão amarelo",1),
(55,22,"cartão amarelo",1),
(56,33,"cartão amarelo",1),
(57,45,"cartão amarelo",1),
(58,56,"cartão vermelho",1),

(59,4,"golo casa",2),
(60,8,"golo casa",2),
(61,12,"golo casa",2),
(62,16,"golo casa",2),
(63,20,"golo casa",2),
(64,24,"golo casa",2),
(65,28,"golo casa",2),
(66,32,"golo casa",2),
(67,36,"golo casa",2),
(68,40,"golo casa",2),
(69,44,"golo casa",2),
(70,49,"golo casa",2),
(71,53,"golo casa",2),
(72,57,"golo casa",2),
(73,61,"golo casa",2),
(74,65,"golo casa",2),
(75,69,"golo casa",2),
(76,73,"golo casa",2),
(77,77,"golo casa",2),
(78,81,"golo casa",2),
(79,85,"golo casa",2),
(80,4,"golo fora",2),
(81,8,"golo fora",2),
(82,12,"golo fora",2),
(83,16,"golo fora",2),
(84,20,"golo fora",2),
(85,24,"golo fora",2),
(86,28,"golo fora",2),
(87,32,"golo fora",2),
(88,36,"golo fora",2),
(89,40,"golo fora",2),
(90,44,"golo fora",2),
(91,49,"golo fora",2),
(92,53,"golo fora",2),
(93,57,"golo fora",2),
(94,61,"golo fora",2),
(95,65,"golo fora",2),
(96,69,"golo fora",2),
(97,73,"golo fora",2),
(98,77,"golo fora",2),
(99,81,"golo fora",2),
(100,85,"golo fora",2),
(101,90,"golo fora",2),
(102,11,"cartão amarelo",2),
(103,22,"cartão amarelo",2),

(104,3,"golo casa",3),
(105,7,"golo casa",3),
(106,11,"golo casa",3),
(107,15,"golo casa",3),
(108,19,"golo casa",3),
(109,23,"golo casa",3),
(110,27,"golo casa",3),
(111,31,"golo casa",3),
(112,35,"golo casa",3),
(113,39,"golo casa",3),
(114,43,"golo casa",3),
(115,46,"golo casa",3),
(116,50,"golo casa",3),
(117,54,"golo casa",3),
(118,58,"golo casa",3),
(119,62,"golo casa",3),
(120,66,"golo casa",3),
(121,70,"golo casa",3),
(122,74,"golo casa",3),
(123,78,"golo casa",3),
(124,82,"golo casa",3),
(125,86,"golo casa",3),
(126,3,"golo fora",3),
(127,6,"golo fora",3),
(128,10,"golo fora",3),
(129,13,"golo fora",3),
(130,16,"golo fora",3),
(131,20,"golo fora",3),
(132,23,"golo fora",3),
(133,26,"golo fora",3),
(134,30,"golo fora",3),
(135,33,"golo fora",3),
(136,36,"golo fora",3),
(137,40,"golo fora",3),
(138,43,"golo fora",3),
(139,46,"golo fora",3),
(140,49,"golo fora",3),
(141,53,"golo fora",3),
(142,56,"golo fora",3),
(143,59,"golo fora",3),
(144,63,"golo fora",3),
(145,66,"golo fora",3),
(146,69,"golo fora",3),
(147,73,"golo fora",3),
(148,76,"golo fora",3),
(149,80,"golo fora",3),
(150,83,"golo fora",3),
(151,86,"golo fora",3),
(152,90,"golo fora",3),
(153,23,"cartão amarelo",3),
(154,47,"cartão amarelo",3),
(155,70,"cartão amarelo",3),
(156,73,"cartão amarelo",3),
(157,82,"cartão vermelho",3),

(158,3,"golo casa",4),
(159,7,"golo casa",4),
(160,10,"golo casa",4),
(161,14,"golo casa",4),
(162,18,"golo casa",4),
(163,21,"golo casa",4),
(164,25,"golo casa",4),
(165,28,"golo casa",4),
(166,32,"golo casa",4),
(167,36,"golo casa",4),
(168,39,"golo casa",4),
(169,43,"golo casa",4),
(170,46,"golo casa",4),
(171,50,"golo casa",4),
(172,53,"golo casa",4),
(173,57,"golo casa",4),
(174,61,"golo casa",4),
(175,64,"golo casa",4),
(176,68,"golo casa",4),
(177,71,"golo casa",4),
(178,75,"golo casa",4),
(179,79,"golo casa",4),
(180,82,"golo casa",4),
(181,86,"golo casa",4),
(182,2,"golo fora",4),
(183,5,"golo fora",4),
(184,8,"golo fora",4),
(185,11,"golo fora",4),
(186,14,"golo fora",4),
(187,17,"golo fora",4),
(188,20,"golo fora",4),
(189,23,"golo fora",4),
(190,26,"golo fora",4),
(191,29,"golo fora",4),
(192,31,"golo fora",4),
(193,34,"golo fora",4),
(194,37,"golo fora",4),
(195,40,"golo fora",4),
(196,43,"golo fora",4),
(197,46,"golo fora",4),
(198,49,"golo fora",4),
(199,52,"golo fora",4),
(200,55,"golo fora",4),
(201,58,"golo fora",4),
(202,60,"golo fora",4),
(203,63,"golo fora",4),
(204,66,"golo fora",4),
(205,69,"golo fora",4),
(206,72,"golo fora",4),
(207,75,"golo fora",4),
(208,78,"golo fora",4),
(209,81,"golo fora",4),
(210,84,"golo fora",4),
(211,87,"golo fora",4),
(212,90,"golo fora",4),
(213,17,"cartão amarelo",4),
(214,34,"cartão amarelo",4),
(215,51,"cartão amarelo",4),
(216,68,"cartão amarelo",4),
(217,71,"cartão amarelo",4),
(218,85,"cartão amarelo",4),
(219,69,"cartão vermelho",4),
(220,89,"cartão vermelho",4),

(221,3,"golo casa",5),
(222,7,"golo casa",5),
(223,11,"golo casa",5),
(224,15,"golo casa",5),
(225,18,"golo casa",5),
(226,22,"golo casa",5),
(227,26,"golo casa",5),
(228,30,"golo casa",5),
(229,33,"golo casa",5),
(230,37,"golo casa",5),
(231,41,"golo casa",5),
(232,45,"golo casa",5),
(233,48,"golo casa",5),
(234,52,"golo casa",5),
(235,56,"golo casa",5),
(236,60,"golo casa",5),
(237,63,"golo casa",5),
(238,67,"golo casa",5),
(239,71,"golo casa",5),
(240,75,"golo casa",5),
(241,78,"golo casa",5),
(242,82,"golo casa",5),
(243,86,"golo casa",5),
(244,3,"golo fora",5),
(245,6,"golo fora",5),
(246,9,"golo fora",5),
(247,12,"golo fora",5),
(248,15,"golo fora",5),
(249,18,"golo fora",5),
(250,21,"golo fora",5),
(251,24,"golo fora",5),
(252,27,"golo fora",5),
(253,31,"golo fora",5),
(254,34,"golo fora",5),
(255,37,"golo fora",5),
(256,40,"golo fora",5),
(257,43,"golo fora",5),
(258,46,"golo fora",5),
(259,49,"golo fora",5),
(260,52,"golo fora",5),
(261,55,"golo fora",5),
(262,58,"golo fora",5),
(263,62,"golo fora",5),
(264,65,"golo fora",5),
(265,68,"golo fora",5),
(266,71,"golo fora",5),
(267,74,"golo fora",5),
(268,77,"golo fora",5),
(269,80,"golo fora",5),
(270,83,"golo fora",5),
(271,86,"golo fora",5),
(272,89,"golo fora",5),
(273,15,"cartão amarelo",5),
(274,30,"cartão amarelo",5),
(275,45,"cartão amarelo",5),
(276,60,"cartão amarelo",5),
(277,75,"cartão amarelo",5),
(278,80,"cartão amarelo",5),

(279,3,"golo casa",6),
(280,6,"golo casa",6),
(281,9,"golo casa",6),
(282,12,"golo casa",6),
(283,16,"golo casa",6),
(284,19,"golo casa",6),
(285,22,"golo casa",6),
(286,25,"golo casa",6),
(287,28,"golo casa",6),
(288,32,"golo casa",6),
(289,35,"golo casa",6),
(290,38,"golo casa",6),
(291,41,"golo casa",6),
(292,45,"golo casa",6),
(293,48,"golo casa",6),
(294,51,"golo casa",6),
(295,54,"golo casa",6),
(296,57,"golo casa",6),
(297,61,"golo casa",6),
(298,64,"golo casa",6),
(299,67,"golo casa",6),
(300,70,"golo casa",6),
(301,73,"golo casa",6),
(302,77,"golo casa",6),
(303,80,"golo casa",6),
(304,83,"golo casa",6),
(305,86,"golo casa",6),
(306,3,"golo fora",6),
(307,6,"golo fora",6),
(308,10,"golo fora",6),
(309,13,"golo fora",6),
(310,16,"golo fora",6),
(311,20,"golo fora",6),
(312,23,"golo fora",6),
(313,26,"golo fora",6),
(314,30,"golo fora",6),
(315,33,"golo fora",6),
(316,36,"golo fora",6),
(317,40,"golo fora",6),
(318,43,"golo fora",6),
(319,46,"golo fora",6),
(320,49,"golo fora",6),
(321,53,"golo fora",6),
(322,56,"golo fora",6),
(323,59,"golo fora",6),
(324,63,"golo fora",6),
(325,66,"golo fora",6),
(326,69,"golo fora",6),
(327,73,"golo fora",6),
(328,76,"golo fora",6),
(329,80,"golo fora",6),
(330,83,"golo fora",6),
(331,86,"golo fora",6),
(332,90,"golo fora",6),
(333,30,"cartão amarelo",6),
(334,60,"cartão amarelo",6),
(335,84,"cartão amarelo",6),
(336,66,"cartão azul",6),

(337,3,"golo casa",7),
(338,6,"golo casa",7),
(339,9,"golo casa",7),
(340,12,"golo casa",7),
(341,16,"golo casa",7),
(342,19,"golo casa",7),
(343,22,"golo casa",7),
(344,25,"golo casa",7),
(345,28,"golo casa",7),
(346,32,"golo casa",7),
(347,35,"golo casa",7),
(348,38,"golo casa",7),
(349,41,"golo casa",7),
(350,45,"golo casa",7),
(351,48,"golo casa",7),
(352,51,"golo casa",7),
(353,54,"golo casa",7),
(354,57,"golo casa",7),
(355,61,"golo casa",7),
(356,64,"golo casa",7),
(357,67,"golo casa",7),
(358,70,"golo casa",7),
(359,73,"golo casa",7),
(360,77,"golo casa",7),
(361,80,"golo casa",7),
(362,83,"golo casa",7),
(363,86,"golo casa",7),
(364,3,"golo fora",7),
(365,6,"golo fora",7),
(366,10,"golo fora",7),
(367,13,"golo fora",7),
(368,17,"golo fora",7),
(369,20,"golo fora",7),
(370,24,"golo fora",7),
(371,27,"golo fora",7),
(372,31,"golo fora",7),
(373,34,"golo fora",7),
(374,38,"golo fora",7),
(375,41,"golo fora",7),
(376,45,"golo fora",7),
(377,48,"golo fora",7),
(378,51,"golo fora",7),
(379,55,"golo fora",7),
(380,58,"golo fora",7),
(381,62,"golo fora",7),
(382,65,"golo fora",7),
(383,69,"golo fora",7),
(384,72,"golo fora",7),
(385,76,"golo fora",7),
(386,79,"golo fora",7),
(387,83,"golo fora",7),
(388,86,"golo fora",7),
(389,90,"golo fora",7),
(390,41,"cartão amarelo",7),

(391,3,"golo casa",8),
(392,7,"golo casa",8),
(393,10,"golo casa",8),
(394,14,"golo casa",8),
(395,18,"golo casa",8),
(396,21,"golo casa",8),
(397,25,"golo casa",8),
(398,28,"golo casa",8),
(399,32,"golo casa",8),
(400,36,"golo casa",8),
(401,39,"golo casa",8),
(402,43,"golo casa",8),
(403,46,"golo casa",8),
(404,50,"golo casa",8),
(405,53,"golo casa",8),
(406,57,"golo casa",8),
(407,61,"golo casa",8),
(408,64,"golo casa",8),
(409,68,"golo casa",8),
(410,71,"golo casa",8),
(411,75,"golo casa",8),
(412,79,"golo casa",8),
(413,82,"golo casa",8),
(414,86,"golo casa",8),
(415,2,"golo fora",8),
(416,5,"golo fora",8),
(417,7,"golo fora",8),
(418,10,"golo fora",8),
(419,12,"golo fora",8),
(420,15,"golo fora",8),
(421,18,"golo fora",8),
(422,20,"golo fora",8),
(423,23,"golo fora",8),
(424,25,"golo fora",8),
(425,28,"golo fora",8),
(426,30,"golo fora",8),
(427,33,"golo fora",8),
(428,36,"golo fora",8),
(429,38,"golo fora",8),
(430,41,"golo fora",8),
(431,43,"golo fora",8),
(432,46,"golo fora",8),
(433,48,"golo fora",8),
(434,51,"golo fora",8),
(435,54,"golo fora",8),
(436,56,"golo fora",8),
(437,59,"golo fora",8),
(438,61,"golo fora",8),
(439,64,"golo fora",8),
(440,66,"golo fora",8),
(441,69,"golo fora",8),
(442,72,"golo fora",8),
(443,74,"golo fora",8),
(444,77,"golo fora",8),
(445,79,"golo fora",8),
(446,82,"golo fora",8),
(447,84,"golo fora",8),
(448,87,"golo fora",8),
(449,89,"golo fora",8),
(450,22,"cartão amarelo",8),
(451,45,"cartão amarelo",8),
(452,67,"cartão amarelo",8),
(453,80,"cartão amarelo",8),

(454,3,"golo casa",9),
(455,6,"golo casa",9),
(456,10,"golo casa",9),
(457,13,"golo casa",9),
(458,16,"golo casa",9),
(459,20,"golo casa",9),
(460,23,"golo casa",9),
(461,26,"golo casa",9),
(462,30,"golo casa",9),
(463,33,"golo casa",9),
(464,36,"golo casa",9),
(465,40,"golo casa",9),
(466,43,"golo casa",9),
(467,46,"golo casa",9),
(468,49,"golo casa",9),
(469,53,"golo casa",9),
(470,56,"golo casa",9),
(471,59,"golo casa",9),
(472,63,"golo casa",9),
(473,66,"golo casa",9),
(474,69,"golo casa",9),
(475,73,"golo casa",9),
(476,76,"golo casa",9),
(477,80,"golo casa",9),
(478,83,"golo casa",9),
(479,86,"golo casa",9),
(480,3,"golo fora",9),
(481,6,"golo fora",9),
(482,9,"golo fora",9),
(483,12,"golo fora",9),
(484,15,"golo fora",9),
(485,18,"golo fora",9),
(486,21,"golo fora",9),
(487,24,"golo fora",9),
(488,27,"golo fora",9),
(489,31,"golo fora",9),
(490,34,"golo fora",9),
(491,37,"golo fora",9),
(492,40,"golo fora",9),
(493,43,"golo fora",9),
(494,46,"golo fora",9),
(495,49,"golo fora",9),
(496,52,"golo fora",9),
(497,55,"golo fora",9),
(498,58,"golo fora",9),
(499,62,"golo fora",9),
(500,65,"golo fora",9),
(501,68,"golo fora",9),
(502,71,"golo fora",9),
(503,74,"golo fora",9),
(504,77,"golo fora",9),
(505,80,"golo fora",9),
(506,83,"golo fora",9),
(507,86,"golo fora",9),
(508,89,"golo fora",9),
(509,19,"cartão amarelo",9),
(510,38,"cartão amarelo",9),
(511,57,"cartão amarelo",9),
(512,76,"cartão amarelo",9),
(513,81,"cartão amarelo",9),
(514,72,"cartão vermelho",9),

(515,3,"golo casa",10),
(516,7,"golo casa",10),
(517,11,"golo casa",10),
(518,15,"golo casa",10),
(519,19,"golo casa",10),
(520,23,"golo casa",10),
(521,27,"golo casa",10),
(522,31,"golo casa",10),
(523,35,"golo casa",10),
(524,39,"golo casa",10),
(525,43,"golo casa",10),
(526,46,"golo casa",10),
(527,50,"golo casa",10),
(528,54,"golo casa",10),
(529,58,"golo casa",10),
(530,62,"golo casa",10),
(531,66,"golo casa",10),
(532,70,"golo casa",10),
(533,74,"golo casa",10),
(534,78,"golo casa",10),
(535,82,"golo casa",10),
(536,86,"golo casa",10),
(537,2,"golo fora",10),
(538,5,"golo fora",10),
(539,8,"golo fora",10),
(540,11,"golo fora",10),
(541,14,"golo fora",10),
(542,17,"golo fora",10),
(543,20,"golo fora",10),
(544,23,"golo fora",10),
(545,26,"golo fora",10),
(546,29,"golo fora",10),
(547,31,"golo fora",10),
(548,34,"golo fora",10),
(549,37,"golo fora",10),
(550,40,"golo fora",10),
(551,43,"golo fora",10),
(552,46,"golo fora",10),
(553,49,"golo fora",10),
(554,52,"golo fora",10),
(555,55,"golo fora",10),
(556,58,"golo fora",10),
(557,60,"golo fora",10),
(558,63,"golo fora",10),
(559,66,"golo fora",10),
(560,69,"golo fora",10),
(561,72,"golo fora",10),
(562,75,"golo fora",10),
(563,78,"golo fora",10),
(564,81,"golo fora",10),
(565,84,"golo fora",10),
(566,87,"golo fora",10),
(567,90,"golo fora",10),
(568,30,"cartão amarelo",10),
(569,60,"cartão amarelo",10),
(570,68,"cartão amarelo",10),

(571,2,"golo casa",11),
(572,4,"golo casa",11),
(573,7,"golo casa",11),
(574,9,"golo casa",11),
(575,12,"golo casa",11),
(576,14,"golo casa",11),
(577,17,"golo casa",11),
(578,19,"golo casa",11),
(579,21,"golo casa",11),
(580,24,"golo casa",11),
(581,26,"golo casa",11),
(582,29,"golo casa",11),
(583,31,"golo casa",11),
(584,34,"golo casa",11),
(585,36,"golo casa",11),
(586,38,"golo casa",11),
(587,41,"golo casa",11),
(588,43,"golo casa",11),
(589,46,"golo casa",11),
(590,48,"golo casa",11),
(591,51,"golo casa",11),
(592,53,"golo casa",11),
(593,55,"golo casa",11),
(594,58,"golo casa",11),
(595,60,"golo casa",11),
(596,63,"golo casa",11),
(597,65,"golo casa",11),
(598,68,"golo casa",11),
(599,70,"golo casa",11),
(600,72,"golo casa",11),
(601,75,"golo casa",11),
(602,77,"golo casa",11),
(603,80,"golo casa",11),
(604,82,"golo casa",11),
(605,85,"golo casa",11),
(606,87,"golo casa",11),
(607,3,"golo fora",11),
(608,7,"golo fora",11),
(609,10,"golo fora",11),
(610,14,"golo fora",11),
(611,18,"golo fora",11),
(612,21,"golo fora",11),
(613,25,"golo fora",11),
(614,28,"golo fora",11),
(615,32,"golo fora",11),
(616,36,"golo fora",11),
(617,39,"golo fora",11),
(618,43,"golo fora",11),
(619,46,"golo fora",11),
(620,50,"golo fora",11),
(621,53,"golo fora",11),
(622,57,"golo fora",11),
(623,61,"golo fora",11),
(624,64,"golo fora",11),
(625,68,"golo fora",11),
(626,71,"golo fora",11),
(627,75,"golo fora",11),
(628,79,"golo fora",11),
(629,82,"golo fora",11),
(630,86,"golo fora",11),
(631,89,"golo fora",11),
(632,13,"cartão amarelo",11),
(633,26,"cartão amarelo",11),
(634,39,"cartão amarelo",11),
(635,53,"cartão amarelo",11),
(636,66,"cartão amarelo",11),
(637,79,"cartão amarelo",11),
(638,80,"cartão amarelo",11),
(639,85,"cartão amarelo",11),
(640,72,"cartão vermelho",11),
(641,82,"cartão vermelho",11),

(642,2,"golo casa",12),
(643,5,"golo casa",12),
(644,8,"golo casa",12),
(645,11,"golo casa",12),
(646,14,"golo casa",12),
(647,16,"golo casa",12),
(648,19,"golo casa",12),
(649,22,"golo casa",12),
(650,25,"golo casa",12),
(651,28,"golo casa",12),
(652,30,"golo casa",12),
(653,33,"golo casa",12),
(654,36,"golo casa",12),
(655,39,"golo casa",12),
(656,42,"golo casa",12),
(657,45,"golo casa",12),
(658,47,"golo casa",12),
(659,50,"golo casa",12),
(660,53,"golo casa",12),
(661,56,"golo casa",12),
(662,59,"golo casa",12),
(663,61,"golo casa",12),
(664,64,"golo casa",12),
(665,67,"golo casa",12),
(666,70,"golo casa",12),
(667,73,"golo casa",12),
(668,75,"golo casa",12),
(669,78,"golo casa",12),
(670,81,"golo casa",12),
(671,84,"golo casa",12),
(672,87,"golo casa",12),
(673,3,"golo fora",12),
(674,7,"golo fora",12),
(675,10,"golo fora",12),
(676,14,"golo fora",12),
(677,18,"golo fora",12),
(678,21,"golo fora",12),
(679,25,"golo fora",12),
(680,28,"golo fora",12),
(681,32,"golo fora",12),
(682,36,"golo fora",12),
(683,39,"golo fora",12),
(684,43,"golo fora",12),
(685,46,"golo fora",12),
(686,50,"golo fora",12),
(687,53,"golo fora",12),
(688,57,"golo fora",12),
(689,61,"golo fora",12),
(690,64,"golo fora",12),
(691,68,"golo fora",12),
(692,71,"golo fora",12),
(693,75,"golo fora",12),
(694,79,"golo fora",12),
(695,82,"golo fora",12),
(696,86,"golo fora",12),
(697,89,"golo fora",12),
(698,12,"cartão amarelo",12),
(699,45,"cartão amarelo",12),
(700,76,"cartão amarelo",12),

(701,2,"golo casa",13),
(702,5,"golo casa",13),
(703,7,"golo casa",13),
(704,10,"golo casa",13),
(705,12,"golo casa",13),
(706,15,"golo casa",13),
(707,17,"golo casa",13),
(708,20,"golo casa",13),
(709,22,"golo casa",13),
(710,25,"golo casa",13),
(711,27,"golo casa",13),
(712,30,"golo casa",13),
(713,32,"golo casa",13),
(714,35,"golo casa",13),
(715,37,"golo casa",13),
(716,40,"golo casa",13),
(717,42,"golo casa",13),
(718,45,"golo casa",13),
(719,47,"golo casa",13),
(720,50,"golo casa",13),
(721,52,"golo casa",13),
(722,55,"golo casa",13),
(723,57,"golo casa",13),
(724,60,"golo casa",13),
(725,62,"golo casa",13),
(726,65,"golo casa",13),
(727,67,"golo casa",13),
(728,70,"golo casa",13),
(729,72,"golo casa",13),
(730,75,"golo casa",13),
(731,77,"golo casa",13),
(732,80,"golo casa",13),
(733,82,"golo casa",13),
(734,85,"golo casa",13),
(735,87,"golo casa",13),
(736,3,"golo fora",13),
(737,7,"golo fora",13),
(738,11,"golo fora",13),
(739,15,"golo fora",13),
(740,18,"golo fora",13),
(741,22,"golo fora",13),
(742,26,"golo fora",13),
(743,30,"golo fora",13),
(744,33,"golo fora",13),
(745,37,"golo fora",13),
(746,41,"golo fora",13),
(747,45,"golo fora",13),
(748,48,"golo fora",13),
(749,52,"golo fora",13),
(750,56,"golo fora",13),
(751,60,"golo fora",13),
(752,63,"golo fora",13),
(753,67,"golo fora",13),
(754,71,"golo fora",13),
(755,75,"golo fora",13),
(756,78,"golo fora",13),
(757,82,"golo fora",13),
(758,86,"golo fora",13),
(759,90,"golo fora",13),
(760,9,"cartão amarelo",13),

(761,2,"golo casa",14),
(762,4,"golo casa",14),
(763,6,"golo casa",14),
(764,8,"golo casa",14),
(765,10,"golo casa",14),
(766,12,"golo casa",14),
(767,14,"golo casa",14),
(768,16,"golo casa",14),
(769,18,"golo casa",14),
(770,20,"golo casa",14),
(771,23,"golo casa",14),
(772,25,"golo casa",14),
(773,27,"golo casa",14),
(774,29,"golo casa",14),
(775,31,"golo casa",14),
(776,33,"golo casa",14),
(777,35,"golo casa",14),
(778,37,"golo casa",14),
(779,39,"golo casa",14),
(780,41,"golo casa",14),
(781,43,"golo casa",14),
(782,46,"golo casa",14),
(783,48,"golo casa",14),
(784,50,"golo casa",14),
(785,52,"golo casa",14),
(786,54,"golo casa",14),
(787,56,"golo casa",14),
(788,58,"golo casa",14),
(789,60,"golo casa",14),
(790,62,"golo casa",14),
(791,64,"golo casa",14),
(792,66,"golo casa",14),
(793,69,"golo casa",14),
(794,71,"golo casa",14),
(795,73,"golo casa",14),
(796,75,"golo casa",14),
(797,77,"golo casa",14),
(798,79,"golo casa",14),
(799,81,"golo casa",14),
(800,83,"golo casa",14),
(801,85,"golo casa",14),
(802,87,"golo casa",14),
(803,3,"golo fora",14),
(804,6,"golo fora",14),
(805,10,"golo fora",14),
(806,13,"golo fora",14),
(807,17,"golo fora",14),
(808,20,"golo fora",14),
(809,24,"golo fora",14),
(810,27,"golo fora",14),
(811,31,"golo fora",14),
(812,34,"golo fora",14),
(813,38,"golo fora",14),
(814,41,"golo fora",14),
(815,45,"golo fora",14),
(816,48,"golo fora",14),
(817,51,"golo fora",14),
(818,55,"golo fora",14),
(819,58,"golo fora",14),
(820,62,"golo fora",14),
(821,65,"golo fora",14),
(822,69,"golo fora",14),
(823,72,"golo fora",14),
(824,76,"golo fora",14),
(825,79,"golo fora",14),
(826,83,"golo fora",14),
(827,86,"golo fora",14),
(828,90,"golo fora",14),
(829,14,"cartão amarelo",14),
(830,29,"cartão amarelo",14),
(831,44,"cartão amarelo",14),
(832,59,"cartão amarelo",14),
(833,74,"cartão amarelo",14),
(834,82,"cartão amarelo",14),
(835,87,"cartão amarelo",14),
(836,79,"cartão vermelho",14),

(837,3,"golo casa",15),
(838,6,"golo casa",15),
(839,10,"golo casa",15),
(840,13,"golo casa",15),
(841,16,"golo casa",15),
(842,20,"golo casa",15),
(843,23,"golo casa",15),
(844,26,"golo casa",15),
(845,30,"golo casa",15),
(846,33,"golo casa",15),
(847,36,"golo casa",15),
(848,40,"golo casa",15),
(849,43,"golo casa",15),
(850,46,"golo casa",15),
(851,49,"golo casa",15),
(852,53,"golo casa",15),
(853,56,"golo casa",15),
(854,59,"golo casa",15),
(855,63,"golo casa",15),
(856,66,"golo casa",15),
(857,69,"golo casa",15),
(858,73,"golo casa",15),
(859,76,"golo casa",15),
(860,80,"golo casa",15),
(861,83,"golo casa",15),
(862,86,"golo casa",15),
(863,3,"golo fora",15),
(864,6,"golo fora",15),
(865,9,"golo fora",15),
(866,12,"golo fora",15),
(867,15,"golo fora",15),
(868,18,"golo fora",15),
(869,21,"golo fora",15),
(870,24,"golo fora",15),
(871,27,"golo fora",15),
(872,31,"golo fora",15),
(873,34,"golo fora",15),
(874,37,"golo fora",15),
(875,40,"golo fora",15),
(876,43,"golo fora",15),
(877,46,"golo fora",15),
(878,49,"golo fora",15),
(879,52,"golo fora",15),
(880,55,"golo fora",15),
(881,58,"golo fora",15),
(882,62,"golo fora",15),
(883,65,"golo fora",15),
(884,68,"golo fora",15),
(885,71,"golo fora",15),
(886,74,"golo fora",15),
(887,77,"golo fora",15),
(888,80,"golo fora",15),
(889,83,"golo fora",15),
(890,86,"golo fora",15),
(891,89,"golo fora",15),
(892,34,"cartão amarelo",15),
(893,66,"cartão azul",15),

(894,2,"golo casa",16),
(895,4,"golo casa",16),
(896,7,"golo casa",16),
(897,9,"golo casa",16),
(898,12,"golo casa",16),
(899,14,"golo casa",16),
(900,17,"golo casa",16),
(901,19,"golo casa",16),
(902,21,"golo casa",16),
(903,24,"golo casa",16),
(904,26,"golo casa",16),
(905,29,"golo casa",16),
(906,31,"golo casa",16),
(907,34,"golo casa",16),
(908,36,"golo casa",16),
(909,38,"golo casa",16),
(910,41,"golo casa",16),
(911,43,"golo casa",16),
(912,46,"golo casa",16),
(913,48,"golo casa",16),
(914,51,"golo casa",16),
(915,53,"golo casa",16),
(916,55,"golo casa",16),
(917,58,"golo casa",16),
(918,60,"golo casa",16),
(919,63,"golo casa",16),
(920,65,"golo casa",16),
(921,68,"golo casa",16),
(922,70,"golo casa",16),
(923,72,"golo casa",16),
(924,75,"golo casa",16),
(925,77,"golo casa",16),
(926,80,"golo casa",16),
(927,82,"golo casa",16),
(928,85,"golo casa",16),
(929,87,"golo casa",16),
(930,3,"golo fora",16),
(931,7,"golo fora",16),
(932,11,"golo fora",16),
(933,15,"golo fora",16),
(934,19,"golo fora",16),
(935,23,"golo fora",16),
(936,27,"golo fora",16),
(937,31,"golo fora",16),
(938,35,"golo fora",16),
(939,39,"golo fora",16),
(940,43,"golo fora",16),
(941,46,"golo fora",16),
(942,50,"golo fora",16),
(943,54,"golo fora",16),
(944,58,"golo fora",16),
(945,62,"golo fora",16),
(946,66,"golo fora",16),
(947,70,"golo fora",16),
(948,74,"golo fora",16),
(949,78,"golo fora",16),
(950,82,"golo fora",16),
(951,86,"golo fora",16),
(952,89,"golo fora",16),
(953,50,"cartão amarelo",16),

(954,3,"golo casa",17),
(955,7,"golo casa",17),
(956,11,"golo casa",17),
(957,15,"golo casa",17),
(958,18,"golo casa",17),
(959,22,"golo casa",17),
(960,26,"golo casa",17),
(961,30,"golo casa",17),
(962,33,"golo casa",17),
(963,37,"golo casa",17),
(964,41,"golo casa",17),
(965,45,"golo casa",17),
(966,48,"golo casa",17),
(967,52,"golo casa",17),
(968,56,"golo casa",17),
(969,60,"golo casa",17),
(970,63,"golo casa",17),
(971,67,"golo casa",17),
(972,71,"golo casa",17),
(973,75,"golo casa",17),
(974,78,"golo casa",17),
(975,82,"golo casa",17),
(976,86,"golo casa",17),
(977,3,"golo fora",17),
(978,6,"golo fora",17),
(979,9,"golo fora",17),
(980,12,"golo fora",17),
(981,15,"golo fora",17),
(982,18,"golo fora",17),
(983,21,"golo fora",17),
(984,24,"golo fora",17),
(985,27,"golo fora",17),
(986,30,"golo fora",17),
(987,33,"golo fora",17),
(988,36,"golo fora",17),
(989,39,"golo fora",17),
(990,42,"golo fora",17),
(991,45,"golo fora",17),
(992,48,"golo fora",17),
(993,51,"golo fora",17),
(994,54,"golo fora",17),
(995,57,"golo fora",17),
(996,60,"golo fora",17),
(997,63,"golo fora",17),
(998,66,"golo fora",17),
(999,69,"golo fora",17),
(1000,72,"golo fora",17),
(1001,75,"golo fora",17),
(1002,78,"golo fora",17),
(1003,81,"golo fora",17),
(1004,84,"golo fora",17),
(1005,87,"golo fora",17),
(1006,90,"golo fora",17),
(1007,45,"cartão amarelo",17),
(1008,72,"cartão amarelo",17),

(1009,3,"golo casa",18),
(1010,6,"golo casa",18),
(1011,9,"golo casa",18),
(1012,12,"golo casa",18),
(1013,16,"golo casa",18),
(1014,19,"golo casa",18),
(1015,22,"golo casa",18),
(1016,25,"golo casa",18),
(1017,28,"golo casa",18),
(1018,32,"golo casa",18),
(1019,35,"golo casa",18),
(1020,38,"golo casa",18),
(1021,41,"golo casa",18),
(1022,45,"golo casa",18),
(1023,48,"golo casa",18),
(1024,51,"golo casa",18),
(1025,54,"golo casa",18),
(1026,57,"golo casa",18),
(1027,61,"golo casa",18),
(1028,64,"golo casa",18),
(1029,67,"golo casa",18),
(1030,70,"golo casa",18),
(1031,73,"golo casa",18),
(1032,77,"golo casa",18),
(1033,80,"golo casa",18),
(1034,83,"golo casa",18),
(1035,86,"golo casa",18),
(1036,5,"golo fora",18),
(1037,10,"golo fora",18),
(1038,15,"golo fora",18),
(1039,21,"golo fora",18),
(1040,26,"golo fora",18),
(1041,31,"golo fora",18),
(1042,37,"golo fora",18),
(1043,42,"golo fora",18),
(1044,47,"golo fora",18),
(1045,52,"golo fora",18),
(1046,58,"golo fora",18),
(1047,63,"golo fora",18),
(1048,68,"golo fora",18),
(1049,74,"golo fora",18),
(1050,79,"golo fora",18),
(1051,84,"golo fora",18),
(1052,90,"golo fora",18),
(1053,22,"cartão amarelo",18),
(1054,45,"cartão amarelo",18),
(1055,67,"cartão amarelo",18),
(1056,72,"cartão amarelo",18),
(1057,32,"cartão azul",18),

(1058,3,"golo casa",19),
(1059,7,"golo casa",19),
(1060,11,"golo casa",19),
(1061,15,"golo casa",19),
(1062,19,"golo casa",19),
(1063,23,"golo casa",19),
(1064,27,"golo casa",19),
(1065,31,"golo casa",19),
(1066,35,"golo casa",19),
(1067,39,"golo casa",19),
(1068,43,"golo casa",19),
(1069,46,"golo casa",19),
(1070,50,"golo casa",19),
(1071,54,"golo casa",19),
(1072,58,"golo casa",19),
(1073,62,"golo casa",19),
(1074,66,"golo casa",19),
(1075,70,"golo casa",19),
(1076,74,"golo casa",19),
(1077,78,"golo casa",19),
(1078,82,"golo casa",19),
(1079,86,"golo casa",19),
(1080,3,"golo fora",19),
(1081,6,"golo fora",19),
(1082,9,"golo fora",19),
(1083,12,"golo fora",19),
(1084,16,"golo fora",19),
(1085,19,"golo fora",19),
(1086,22,"golo fora",19),
(1087,25,"golo fora",19),
(1088,28,"golo fora",19),
(1089,32,"golo fora",19),
(1090,35,"golo fora",19),
(1091,38,"golo fora",19),
(1092,41,"golo fora",19),
(1093,45,"golo fora",19),
(1094,48,"golo fora",19),
(1095,51,"golo fora",19),
(1096,54,"golo fora",19),
(1097,57,"golo fora",19),
(1098,61,"golo fora",19),
(1099,64,"golo fora",19),
(1100,67,"golo fora",19),
(1101,70,"golo fora",19),
(1102,73,"golo fora",19),
(1103,77,"golo fora",19),
(1104,80,"golo fora",19),
(1105,83,"golo fora",19),
(1106,86,"golo fora",19),
(1107,90,"golo fora",19),
(1108,56,"cartão amarelo",19),

(1109,2,"golo casa",20),
(1110,5,"golo casa",20),
(1111,8,"golo casa",20),
(1112,11,"golo casa",20),
(1113,14,"golo casa",20),
(1114,16,"golo casa",20),
(1115,19,"golo casa",20),
(1116,22,"golo casa",20),
(1117,25,"golo casa",20),
(1118,28,"golo casa",20),
(1119,30,"golo casa",20),
(1120,33,"golo casa",20),
(1121,36,"golo casa",20),
(1122,39,"golo casa",20),
(1123,42,"golo casa",20),
(1124,45,"golo casa",20),
(1125,47,"golo casa",20),
(1126,50,"golo casa",20),
(1127,53,"golo casa",20),
(1128,56,"golo casa",20),
(1129,59,"golo casa",20),
(1130,61,"golo casa",20),
(1131,64,"golo casa",20),
(1132,67,"golo casa",20),
(1133,70,"golo casa",20),
(1134,73,"golo casa",20),
(1135,75,"golo casa",20),
(1136,78,"golo casa",20),
(1137,81,"golo casa",20),
(1138,84,"golo casa",20),
(1139,87,"golo casa",20),
(1140,3,"golo fora",20),
(1141,6,"golo fora",20),
(1142,10,"golo fora",20),
(1143,13,"golo fora",20),
(1144,16,"golo fora",20),
(1145,20,"golo fora",20),
(1146,23,"golo fora",20),
(1147,26,"golo fora",20),
(1148,30,"golo fora",20),
(1149,33,"golo fora",20),
(1150,36,"golo fora",20),
(1151,40,"golo fora",20),
(1152,43,"golo fora",20),
(1153,46,"golo fora",20),
(1154,49,"golo fora",20),
(1155,53,"golo fora",20),
(1156,56,"golo fora",20),
(1157,59,"golo fora",20),
(1158,63,"golo fora",20),
(1159,66,"golo fora",20),
(1160,69,"golo fora",20),
(1161,73,"golo fora",20),
(1162,76,"golo fora",20),
(1163,80,"golo fora",20),
(1164,83,"golo fora",20),
(1165,86,"golo fora",20),
(1166,90,"golo fora",20),

(1167,3,"golo casa",21),
(1168,7,"golo casa",21),
(1169,10,"golo casa",21),
(1170,14,"golo casa",21),
(1171,18,"golo casa",21),
(1172,21,"golo casa",21),
(1173,25,"golo casa",21),
(1174,28,"golo casa",21),
(1175,32,"golo casa",21),
(1176,36,"golo casa",21),
(1177,39,"golo casa",21),
(1178,43,"golo casa",21),
(1179,46,"golo casa",21),
(1180,50,"golo casa",21),
(1181,53,"golo casa",21),
(1182,57,"golo casa",21),
(1183,61,"golo casa",21),
(1184,64,"golo casa",21),
(1185,68,"golo casa",21),
(1186,71,"golo casa",21),
(1187,75,"golo casa",21),
(1188,79,"golo casa",21),
(1189,82,"golo casa",21),
(1190,86,"golo casa",21),
(1191,3,"golo fora",21),
(1192,6,"golo fora",21),
(1193,9,"golo fora",21),
(1194,12,"golo fora",21),
(1195,15,"golo fora",21),
(1196,18,"golo fora",21),
(1197,21,"golo fora",21),
(1198,24,"golo fora",21),
(1199,27,"golo fora",21),
(1200,31,"golo fora",21),
(1201,34,"golo fora",21),
(1202,37,"golo fora",21),
(1203,40,"golo fora",21),
(1204,43,"golo fora",21),
(1205,46,"golo fora",21),
(1206,49,"golo fora",21),
(1207,52,"golo fora",21),
(1208,55,"golo fora",21),
(1209,58,"golo fora",21),
(1210,62,"golo fora",21),
(1211,65,"golo fora",21),
(1212,68,"golo fora",21),
(1213,71,"golo fora",21),
(1214,74,"golo fora",21),
(1215,77,"golo fora",21),
(1216,80,"golo fora",21),
(1217,83,"golo fora",21),
(1218,86,"golo fora",21),
(1219,89,"golo fora",21),
(1220,25,"cartão amarelo",21),
(1221,61,"cartão amarelo",21),

(1222,3,"golo casa",22),
(1223,6,"golo casa",22),
(1224,9,"golo casa",22),
(1225,12,"golo casa",22),
(1226,15,"golo casa",22),
(1227,18,"golo casa",22),
(1228,21,"golo casa",22),
(1229,24,"golo casa",22),
(1230,27,"golo casa",22),
(1231,30,"golo casa",22),
(1232,33,"golo casa",22),
(1233,36,"golo casa",22),
(1234,39,"golo casa",22),
(1235,42,"golo casa",22),
(1236,45,"golo casa",22),
(1237,48,"golo casa",22),
(1238,51,"golo casa",22),
(1239,54,"golo casa",22),
(1240,57,"golo casa",22),
(1241,60,"golo casa",22),
(1242,63,"golo casa",22),
(1243,66,"golo casa",22),
(1244,69,"golo casa",22),
(1245,72,"golo casa",22),
(1246,75,"golo casa",22),
(1247,78,"golo casa",22),
(1248,81,"golo casa",22),
(1249,84,"golo casa",22),
(1250,87,"golo casa",22),
(1251,2,"golo fora",22),
(1252,5,"golo fora",22),
(1253,8,"golo fora",22),
(1254,11,"golo fora",22),
(1255,14,"golo fora",22),
(1256,17,"golo fora",22),
(1257,20,"golo fora",22),
(1258,23,"golo fora",22),
(1259,26,"golo fora",22),
(1260,29,"golo fora",22),
(1261,31,"golo fora",22),
(1262,34,"golo fora",22),
(1263,37,"golo fora",22),
(1264,40,"golo fora",22),
(1265,43,"golo fora",22),
(1266,46,"golo fora",22),
(1267,49,"golo fora",22),
(1268,52,"golo fora",22),
(1269,55,"golo fora",22),
(1270,58,"golo fora",22),
(1271,60,"golo fora",22),
(1272,63,"golo fora",22),
(1273,66,"golo fora",22),
(1274,69,"golo fora",22),
(1275,72,"golo fora",22),
(1276,75,"golo fora",22),
(1277,78,"golo fora",22),
(1278,81,"golo fora",22),
(1279,84,"golo fora",22),
(1280,87,"golo fora",22),
(1281,90,"golo fora",22),
(1282,22,"cartão amarelo",22),
(1283,45,"cartão amarelo",22),
(1284,67,"cartão amarelo",22),
(1285,72,"cartão amarelo",22),

(1286,2,"golo casa",23),
(1287,4,"golo casa",23),
(1288,6,"golo casa",23),
(1289,9,"golo casa",23),
(1290,11,"golo casa",23),
(1291,13,"golo casa",23),
(1292,16,"golo casa",23),
(1293,18,"golo casa",23),
(1294,20,"golo casa",23),
(1295,23,"golo casa",23),
(1296,25,"golo casa",23),
(1297,27,"golo casa",23),
(1298,29,"golo casa",23),
(1299,32,"golo casa",23),
(1300,34,"golo casa",23),
(1301,36,"golo casa",23),
(1302,39,"golo casa",23),
(1303,41,"golo casa",23),
(1304,43,"golo casa",23),
(1305,46,"golo casa",23),
(1306,48,"golo casa",23),
(1307,50,"golo casa",23),
(1308,53,"golo casa",23),
(1309,55,"golo casa",23),
(1310,57,"golo casa",23),
(1311,60,"golo casa",23),
(1312,62,"golo casa",23),
(1313,64,"golo casa",23),
(1314,66,"golo casa",23),
(1315,69,"golo casa",23),
(1316,71,"golo casa",23),
(1317,73,"golo casa",23),
(1318,76,"golo casa",23),
(1319,78,"golo casa",23),
(1320,80,"golo casa",23),
(1321,83,"golo casa",23),
(1322,85,"golo casa",23),
(1323,87,"golo casa",23),
(1324,3,"golo fora",23),
(1325,7,"golo fora",23),
(1326,10,"golo fora",23),
(1327,14,"golo fora",23),
(1328,18,"golo fora",23),
(1329,21,"golo fora",23),
(1330,25,"golo fora",23),
(1331,28,"golo fora",23),
(1332,32,"golo fora",23),
(1333,36,"golo fora",23),
(1334,39,"golo fora",23),
(1335,43,"golo fora",23),
(1336,46,"golo fora",23),
(1337,50,"golo fora",23),
(1338,53,"golo fora",23),
(1339,57,"golo fora",23),
(1340,61,"golo fora",23),
(1341,64,"golo fora",23),
(1342,68,"golo fora",23),
(1343,71,"golo fora",23),
(1344,75,"golo fora",23),
(1345,79,"golo fora",23),
(1346,82,"golo fora",23),
(1347,86,"golo fora",23),
(1348,89,"golo fora",23),
(1349,19,"cartão amarelo",23),
(1350,38,"cartão amarelo",23),
(1351,42,"cartão amarelo",23),
(1352,58,"cartão amarelo",23),
(1353,84,"cartão amarelo",23),
(1354,66,"cartão vermelho",23),

(1355,4,"golo casa",24),
(1356,9,"golo casa",24),
(1357,13,"golo casa",24),
(1358,18,"golo casa",24),
(1359,22,"golo casa",24),
(1360,27,"golo casa",24),
(1361,31,"golo casa",24),
(1362,36,"golo casa",24),
(1363,40,"golo casa",24),
(1364,45,"golo casa",24),
(1365,49,"golo casa",24),
(1366,54,"golo casa",24),
(1367,58,"golo casa",24),
(1368,63,"golo casa",24),
(1369,67,"golo casa",24),
(1370,72,"golo casa",24),
(1371,76,"golo casa",24),
(1372,81,"golo casa",24),
(1373,85,"golo casa",24),
(1374,3,"golo fora",24),
(1375,7,"golo fora",24),
(1376,10,"golo fora",24),
(1377,14,"golo fora",24),
(1378,18,"golo fora",24),
(1379,21,"golo fora",24),
(1380,25,"golo fora",24),
(1381,28,"golo fora",24),
(1382,32,"golo fora",24),
(1383,36,"golo fora",24),
(1384,39,"golo fora",24),
(1385,43,"golo fora",24),
(1386,46,"golo fora",24),
(1387,50,"golo fora",24),
(1388,53,"golo fora",24),
(1389,57,"golo fora",24),
(1390,61,"golo fora",24),
(1391,64,"golo fora",24),
(1392,68,"golo fora",24),
(1393,71,"golo fora",24),
(1394,75,"golo fora",24),
(1395,79,"golo fora",24),
(1396,82,"golo fora",24),
(1397,86,"golo fora",24),
(1398,89,"golo fora",24),
(1399,46,"cartão amarelo",24),
(1400,57,"cartão amarelo",24),

(1401,3,"golo casa",25),
(1402,6,"golo casa",25),
(1403,9,"golo casa",25),
(1404,12,"golo casa",25),
(1405,15,"golo casa",25),
(1406,18,"golo casa",25),
(1407,21,"golo casa",25),
(1408,24,"golo casa",25),
(1409,27,"golo casa",25),
(1410,31,"golo casa",25),
(1411,34,"golo casa",25),
(1412,37,"golo casa",25),
(1413,40,"golo casa",25),
(1414,43,"golo casa",25),
(1415,46,"golo casa",25),
(1416,49,"golo casa",25),
(1417,52,"golo casa",25),
(1418,55,"golo casa",25),
(1419,58,"golo casa",25),
(1420,62,"golo casa",25),
(1421,65,"golo casa",25),
(1422,68,"golo casa",25),
(1423,71,"golo casa",25),
(1424,74,"golo casa",25),
(1425,77,"golo casa",25),
(1426,80,"golo casa",25),
(1427,83,"golo casa",25),
(1428,86,"golo casa",25),
(1429,3,"golo fora",25),
(1430,6,"golo fora",25),
(1431,10,"golo fora",25),
(1432,13,"golo fora",25),
(1433,17,"golo fora",25),
(1434,20,"golo fora",25),
(1435,24,"golo fora",25),
(1436,27,"golo fora",25),
(1437,31,"golo fora",25),
(1438,34,"golo fora",25),
(1439,38,"golo fora",25),
(1440,41,"golo fora",25),
(1441,45,"golo fora",25),
(1442,48,"golo fora",25),
(1443,51,"golo fora",25),
(1444,55,"golo fora",25),
(1445,58,"golo fora",25),
(1446,62,"golo fora",25),
(1447,65,"golo fora",25),
(1448,69,"golo fora",25),
(1449,72,"golo fora",25),
(1450,76,"golo fora",25),
(1451,79,"golo fora",25),
(1452,83,"golo fora",25),
(1453,86,"golo fora",25),
(1454,90,"golo fora",25),
(1455,12,"cartão amarelo",25),
(1456,35,"cartão amarelo",25),
(1457,76,"cartão amarelo",25),

(1458,2,"golo casa",26),
(1459,4,"golo casa",26),
(1460,7,"golo casa",26),
(1461,9,"golo casa",26),
(1462,11,"golo casa",26),
(1463,14,"golo casa",26),
(1464,16,"golo casa",26),
(1465,18,"golo casa",26),
(1466,21,"golo casa",26),
(1467,23,"golo casa",26),
(1468,26,"golo casa",26),
(1469,28,"golo casa",26),
(1470,30,"golo casa",26),
(1471,33,"golo casa",26),
(1472,35,"golo casa",26),
(1473,37,"golo casa",26),
(1474,40,"golo casa",26),
(1475,42,"golo casa",26),
(1476,44,"golo casa",26),
(1477,47,"golo casa",26),
(1478,49,"golo casa",26),
(1479,52,"golo casa",26),
(1480,54,"golo casa",26),
(1481,56,"golo casa",26),
(1482,59,"golo casa",26),
(1483,61,"golo casa",26),
(1484,63,"golo casa",26),
(1485,66,"golo casa",26),
(1486,68,"golo casa",26),
(1487,71,"golo casa",26),
(1488,73,"golo casa",26),
(1489,75,"golo casa",26),
(1490,78,"golo casa",26),
(1491,80,"golo casa",26),
(1492,82,"golo casa",26),
(1493,85,"golo casa",26),
(1494,87,"golo casa",26),
(1495,2,"golo fora",26),
(1496,5,"golo fora",26),
(1497,8,"golo fora",26),
(1498,10,"golo fora",26),
(1499,13,"golo fora",26),
(1500,16,"golo fora",26),
(1501,19,"golo fora",26),
(1502,21,"golo fora",26),
(1503,24,"golo fora",26),
(1504,27,"golo fora",26),
(1505,29,"golo fora",26),
(1506,32,"golo fora",26),
(1507,35,"golo fora",26),
(1508,38,"golo fora",26),
(1509,40,"golo fora",26),
(1510,43,"golo fora",26),
(1511,46,"golo fora",26),
(1512,49,"golo fora",26),
(1513,51,"golo fora",26),
(1514,54,"golo fora",26),
(1515,57,"golo fora",26),
(1516,59,"golo fora",26),
(1517,62,"golo fora",26),
(1518,65,"golo fora",26),
(1519,68,"golo fora",26),
(1520,70,"golo fora",26),
(1521,73,"golo fora",26),
(1522,76,"golo fora",26),
(1523,79,"golo fora",26),
(1524,81,"golo fora",26),
(1525,84,"golo fora",26),
(1526,87,"golo fora",26),
(1527,89,"golo fora",26),
(1528,12,"cartão amarelo",26),
(1529,24,"cartão amarelo",26),
(1530,36,"cartão amarelo",26),
(1531,48,"cartão amarelo",26),
(1532,60,"cartão amarelo",26),
(1533,72,"cartão amarelo",26),
(1534,63,"cartão amarelo",26),
(1535,79,"cartão amarelo",26),
(1536,88,"cartão amarelo",26),
(1537,55,"cartão vermelho",26),
(1538,81,"cartão vermelho",26),

(1539,3,"golo casa",27),
(1540,6,"golo casa",27),
(1541,9,"golo casa",27),
(1542,12,"golo casa",27),
(1543,15,"golo casa",27),
(1544,18,"golo casa",27),
(1545,21,"golo casa",27),
(1546,24,"golo casa",27),
(1547,27,"golo casa",27),
(1548,31,"golo casa",27),
(1549,34,"golo casa",27),
(1550,37,"golo casa",27),
(1551,40,"golo casa",27),
(1552,43,"golo casa",27),
(1553,46,"golo casa",27),
(1554,49,"golo casa",27),
(1555,52,"golo casa",27),
(1556,55,"golo casa",27),
(1557,58,"golo casa",27),
(1558,62,"golo casa",27),
(1559,65,"golo casa",27),
(1560,68,"golo casa",27),
(1561,71,"golo casa",27),
(1562,74,"golo casa",27),
(1563,77,"golo casa",27),
(1564,80,"golo casa",27),
(1565,83,"golo casa",27),
(1566,86,"golo casa",27),
(1567,2,"golo fora",27),
(1568,5,"golo fora",27),
(1569,7,"golo fora",27),
(1570,10,"golo fora",27),
(1571,12,"golo fora",27),
(1572,15,"golo fora",27),
(1573,18,"golo fora",27),
(1574,20,"golo fora",27),
(1575,23,"golo fora",27),
(1576,25,"golo fora",27),
(1577,28,"golo fora",27),
(1578,30,"golo fora",27),
(1579,33,"golo fora",27),
(1580,36,"golo fora",27),
(1581,38,"golo fora",27),
(1582,41,"golo fora",27),
(1583,43,"golo fora",27),
(1584,46,"golo fora",27),
(1585,48,"golo fora",27),
(1586,51,"golo fora",27),
(1587,54,"golo fora",27),
(1588,56,"golo fora",27),
(1589,59,"golo fora",27),
(1590,61,"golo fora",27),
(1591,64,"golo fora",27),
(1592,66,"golo fora",27),
(1593,69,"golo fora",27),
(1594,72,"golo fora",27),
(1595,74,"golo fora",27),
(1596,77,"golo fora",27),
(1597,79,"golo fora",27),
(1598,82,"golo fora",27),
(1599,84,"golo fora",27),
(1600,87,"golo fora",27),
(1601,89,"golo fora",27),
(1602,18,"cartão amarelo",27),
(1603,26,"cartão amarelo",27),
(1604,54,"cartão amarelo",27),
(1605,72,"cartão amarelo",27),
(1606,80,"cartão amarelo",27),
(1607,21,"cartão azul",27),
(1608,62,"cartão azul",27),

(1609,2,"golo casa",28),
(1610,5,"golo casa",28),
(1611,7,"golo casa",28),
(1612,10,"golo casa",28),
(1613,12,"golo casa",28),
(1614,15,"golo casa",28),
(1615,18,"golo casa",28),
(1616,20,"golo casa",28),
(1617,23,"golo casa",28),
(1618,25,"golo casa",28),
(1619,28,"golo casa",28),
(1620,30,"golo casa",28),
(1621,33,"golo casa",28),
(1622,36,"golo casa",28),
(1623,38,"golo casa",28),
(1624,41,"golo casa",28),
(1625,43,"golo casa",28),
(1626,46,"golo casa",28),
(1627,48,"golo casa",28),
(1628,51,"golo casa",28),
(1629,54,"golo casa",28),
(1630,56,"golo casa",28),
(1631,59,"golo casa",28),
(1632,61,"golo casa",28),
(1633,64,"golo casa",28),
(1634,66,"golo casa",28),
(1635,69,"golo casa",28),
(1636,72,"golo casa",28),
(1637,74,"golo casa",28),
(1638,77,"golo casa",28),
(1639,79,"golo casa",28),
(1640,82,"golo casa",28),
(1641,84,"golo casa",28),
(1642,87,"golo casa",28),
(1643,3,"golo fora",28),
(1644,7,"golo fora",28),
(1645,10,"golo fora",28),
(1646,14,"golo fora",28),
(1647,18,"golo fora",28),
(1648,21,"golo fora",28),
(1649,25,"golo fora",28),
(1650,28,"golo fora",28),
(1651,32,"golo fora",28),
(1652,36,"golo fora",28),
(1653,39,"golo fora",28),
(1654,43,"golo fora",28),
(1655,46,"golo fora",28),
(1656,50,"golo fora",28),
(1657,53,"golo fora",28),
(1658,57,"golo fora",28),
(1659,61,"golo fora",28),
(1660,64,"golo fora",28),
(1661,68,"golo fora",28),
(1662,71,"golo fora",28),
(1663,75,"golo fora",28),
(1664,79,"golo fora",28),
(1665,82,"golo fora",28),
(1666,86,"golo fora",28),
(1667,89,"golo fora",28);

INSERT INTO Pessoa VALUES
/*FC PORTO*/
/*GR*/
("123123321 1 XJ4",37,"Macedónio", "Nikola Mitrevski"),
("265725628 1 MN3",28,"Dinamarquês","Sebastian Frandsen"),
("266962782 1 UC2",20,"Português","Francisco Fonte"),
/*DEF*/
("232312343 1 LO9",20,"Português","André Sousa"),
("225235235 1 KI7",25,"Português","Diogo Oliveira"),
("246875689 1 BI2",29,"Português","Rui Silva"),
/*PONTA*/
("258761432 1 GH2",32,"Português","António Areia"),
("234356543 1 AN5",26,"Português","Miguel Alves"),
("256437848 1 RE2",24,"Português","Leonel Fernandes"),
("286125461 1 QW2",28,"Português","Diogo Branquinho"),
/*Pivô*/
("165175175 1 BH3",32,"Português","Victor Iturriza"),
("196483648 1 HJ1",35,"Português","Daymaro Salina"),
("198982314 1 KT6",28,"Espanhol","Ignacio Plaza"),
/*Laterais*/
("167834639 1 PO9",25,"Dinamarquês","Jakob Mikkelsen"),
("125456124 1 GH9",23,"Sueco","Jack Thurin"),
("145367244 1 YU6",28,"Cubano","Pedro Valdés"),
("157576588 1 XY1",38,"Português","Pedro Cruz"),
("241471476 1 HI8",26,"Dinamarquês","Nikolaj Laeso"),
("241233234 1 BR2",34,"Português","Fábio Magalhães"),

/*Sporting*/
/*GR*/ 
("183773748 1 JK6",20,"Português","Tiago Alves"),
("156325735 1 PL2",23,"Português","Manuel Gaspar"),
("126451741 1 TY1",33,"Argentino","Leonel Maciel"),
/*Central*/
("154653434 1 YH2",24,"Espanhol","Natán Suárez"),
("232756385 1 UW2",21,"Português","André José"),
("276322673 1 QZ1",37,"Espanhol","Carlos Ruesga"),
/*Ponta*/
("183424342 1 QR1",29,"Espanhol","Mamadou Gassama"),
("124145344 2 AQ6",26,"Português","Francisco Tavares"),
("143643543 2 PO1",26,"Françês","Étienne Mocquais"),
("156363534 2 KO1",26,"Espanhol","Josep Folqués"),
("276746456 2 ZT4",18,"Português","Alexandre Santos"),
/*Pivô*/
("256534535 2 TY2",24,"Brasil","Edney Silva"),
("243525242 2 UI6",28,"Dinamarquês","Jonas Tideman"),
("253573437 2 RE2",30,"Polaco","Patryk Walczak"),
("242524626 3 RR3",28,"Norueguês","Espen Vag"),
/*Lateral*/
("267567654 3 GJ7",17,"Português","Francisco Costa"),
("264363677 3 DQ2",33,"Alemão","Jens Schongarth"),
("141515155 3 FR2",28,"Cabo-verderdiano","Edmilson Araújo"),
("124115545 3 NH1",21,"Português","Salvador Salvador"),
("124143455 3 DE3",20,"Português","Martim Costa"),
/*Benfica*/
/*GR*/
("233294834 1 HG3",18,"Sérbio","Nikola Zoric"),
("153534534 1 JU5",27,"Espanhol","Sergey Hérnandez"),
/*DEF*/
("124154151 2 UG1",19,"Português","Martim Ferraz"),
("195265825 1 AF3",26,"Húngaro","Ádám Juhász"),
("153453663 1 HT6",32,"Português","Bélone Moreira"),
/*Ponta*/
("344534663 2 KJ1",28,"Português","Carlos Martins"),
("123987561 3 QA5",32,"Alemão","Ole Rahmel"),
("213124151 2 NT6",41,"Sueco","Jonas Kallman"),
("287518794 2 AE2",35,"Françês","Arnaud Bingo"),
/*Pivô*/
("124141434 4 TR4",30,"Cabo-verdiano","Paulo Moreno"),
("235325535 3 RE2",31,"Português","Alexis Borges"),
("131342535 2 SQ1",33,"Bósnio","Vladimir Vranjes"),
("341241443 2 SF2",19,"Brasileiro","Guilherme Carvalho"),
/*Lateral*/
("123343439 5 MV3",29,"Romeno","Demis Grigoras"),
("348736432 3 LP2",21,"Eslovaco","Tadej Kljun"),
("231342144 2 AZ1",28,"Espanhol","Arnau Garcia"),
("243424324 1 NC7",27,"Cabo-verdiano","Leandro Semedo"),
/*Marítimo*/
/*GR*/
("213141412 2 FN2",23,"Português","Diogo Valério"),
("422471402 6 HV2",30,"Bielo-russo","Pavel Yarashuk"),
/*Central*/
("231212445 3 HN2",32,"Português","Nuno Silva"),
("231412451 1 LM1",17,"Português","Tiago Martins"),
("364364636 3 TF2",30,"Português","Pedro Peneda"),
/*Ponta*/
("123141412 2 HB2",22,"Português","Alfredo Torres"),
("231414421 1 LM2",23,"Português","Nuno Reis"),
("374198719 2 TB1",20,"Português","João Fernandes"),
("234141441 1 OK1",25,"Português","Tomás Abreu"),
/*Pivô*/
("124141241 1 YN2",18,"Romeno","Remus Chis"),
("345332411 9 XA2",21,"Português","João Pinto"),
("241151531 3 AZ2",29,"Português","João Gomes"),
("124414533 1 AX3",32,"Sérbio","Eldin Vrazalica"),
/*Lateral*/
("222222232 2 AA2",21,"Cubano","Víctor Dawkins"),
("123414144 4 ZQ1",20,"Português","Guilherme Tavares"),
("111222233 3 QE1",35,"Cabo-verdiano","Délcio Pina"),
("124141324 2 GN3",35,"Angola","Elias António"),
("324342342 2 FN2",24,"Português","Rúben Ribeiro"),
/*Águas Santas*/
/*GR*/
("234141333 2 QB2",23,"Português","Diogo Ribeiro"),
("234141334 2 QB2",22,"Português","Alexandre Magalhães"),
("234141335 2 QB2",19,"Português","Miguel Loureiro"),
/*DEF*/
("234141336 2 QB2",25,"Português","Afonso Lima"),
("234141337 2 QB2",21,"Português","Rui Baptista"),
/*Ponta*/
("234141338 2 QB2",31,"Português","Mário Lourenço"),
("234141339 2 QB2",23,"Português","Miguel Pinto"),
("234141341 2 QB2",22,"Português","Fábio Teixeira"),
("234141342 2 QB2",18,"Português","Miguel Carvalho"),
("234141343 2 QB2",30,"Português","Pedro Cruz"),
/*Pivô*/
("234141344 2 QB2",19,"Português","Nuno Queirós"),
("234141345 2 QB2",30,"Português","Carlos Santos"),
("234141346 2 QB2",30,"Português","Francisco Fontes"),
/*Lateral*/
("234141347 2 QB2",27,"Português","Miguel Baptista"),
("234141348 2 QB2",25,"Português","José Barbosa"),
("234141349 2 QB2",20,"Português","João Gomes"),
("234141350 2 QB2",24,"Português","João Furtado"),
("234141351 2 QB2",21,"Português","Gustavo Oliveira"),
/*ABC*/
/*GR*/
("134115312 3 MX1",44,"Português","Humberto Gomes"),
("215153554 3 LM1",19,"Português","Afonso Silva"),
/*DEF*/
("124125254 4 AS1",18,"Português","Daniel Vasconcelos"),
("242312312 2 MN1",22,"Português","Manuel Lima"),
("124154545 3 JX2",26,"Brasileiro","Leonardo Abrahão"),
/*Ponta*/
("134141411 1 AA2",19,"Português","Pedro Castro"),
("233252355 2 PF3",24,"Português","Rafael Peixoto"),
("314151511 1 AC2",18,"Português","Luís Cunha"),
/*Pivô*/
("241415151 1 LH3",23,"Português","Tomás Teles"),
("737438151 1 RF4",22,"Português","José Paulo Silva"),
("515353553 2 AM1",38,"Português","José Costa"),
/*Lateral*/
("141413434 3 OC6",20,"Cubano","Ronaldo Almeida"),
("131341344 2 LZ2",25,"Brasileiro","Vinícios Carvalho"),
("246262664 2 VE1",22,"Cubano","Hanser Rodríguez"),
/*Belenenses*/
/*GR*/
("141415112 2 OI6",30,"Português","Miguel Moreira"),
("141415113 2 OI6",23,"Português","Tiago Silva"),
/*DEF*/
("141415114 2 OI6",19,"Português","Gonçalo Soares"),
("141415115 2 OI6",33,"Português","Tiago Pereira"),
/*PONTA*/
("141415116 2 OI6",22,"Português","Gonçalo Nogueira"),
("141415117 2 OI6",20,"Português","Tomás Ferreira"),
("141415118 2 OI6",19,"Português","Diogo Miranda"),
/*Pivô*/
("141415119 2 OI6",38,"Português","Bruno Moreira"),
("141415120 2 OI6",26,"Sérbio","Uros Markovic"),
/*Lateral*/
("141415121 2 OI6",21,"Português","João ALcântara"),
("141415122 2 OI6",26,"Português","Diogo Domingos"),
("141415123 2 OI6",29,"Português","Luís Cabral"),
/*Varzim*/
/*GR*/
("123189898 7 YH2",29,"Brasileiro","Lucas Santana"),
("414141414 1 OJ2",21,"Português","Carlos Moreira"),
/*DEF*/
("988328323 3 PL2",38,"Português","Filipe Mota"),
("144433333 1 IN2",20,"Português","Diogo Martinho"),
/*Ponta*/
("141498989 8 QS1",23,"Português","Gonçalo Meireles"),
("241414399 8 PM2",20,"Português","Tiago Teixeira"),
("353252353 4 QM3",23,"Português","João Saavedra"),
/*Pivô*/
("342424424 2 AZ2",21,"Português","Diogo Freitas"),
("343242999 1 AA4",25,"Português","Manuel Lima"),
/*Lateral*/
("643643643 1 QW2",21,"Brasileiro","Marcos Ribeiro"),
("124167373 4 WQ1",26,"Cabo-verdiano","Rafael Andrade"),
("314515154 3 ZE1",29,"Português","Vasco Santos"),
/*Vitória FC*/
/*GR*/
("437437473 3 SI2",19,"Português","Filipe Silva"),
("148394348 4 MI3",19,"Português","Pedro Tonicher"),
/*DEF*/
("242324624 8 XA2",25,"Português","Nuno Roque"),
("242415646 3 LC3",23,"Alemão","Jan Kleineidam"),
/*Ponta*/
("655343434 3 PX2",19,"Português","Duarte Pereira"),
("423552552 6 OC3",22,"Português","Victor Talmazan"),
("321313323 1 QS5",27,"Português","Gonçalo Valéiro"),
/*Pivô*/
("344141414 1 WS1",22,"Português","João Gamboa"),
("124141241 5 QL7",18,"Português","António Machado"),
/*Lateral*/
("656535353 4 XD2",22,"Português","Rafael Paulo"),
("153151554 1 LX1",36,"Português","Cláudio Pedroso"),
/*Gaia*/
/*GR*/
("111111111 1 AA1",19,"Português","Tomás Silva"),
("111111112 1 AA1",19,"Português","Rafael Santos"),
/*Def*/
("111111113 1 AA1",18,"Português","Gabriel Conceição"),
("111111114 1 AA1",18,"Português","Miguel Oliveira"),
/*Ponta*/
("111111115 1 AA1",22,"Português","Tiago Antunes"),
("111111116 1 AA1",21,"Português","Pedro Salvador"),
("111111117 1 AA1",20,"Português","Pedro Oliveira"),
/*Pivô*/
("111111118 1 AA1",24,"Português","Pedro Pereira"),
("111111119 1 AA1",28,"Português","Rui Rodrigues"),
/*Lateral*/
("111111120 1 AA1",19,"Português","Rodrigo Esteves"),
("111111121 1 AA1",19,"Português","Bernardo Pêgas"),
("111111122 1 AA1",16,"Português","Vasco Costa"),
/*Avanca*/
/*GR*/
("342342523 2 MI3",35,"Português","Luís Silva"),
("235545666 1 LX1",23,"Brasileiro","Bruno Lima"),
/*DEF*/
("343456569 5 OC5",18,"Português","Xavier Barbosa"),
("973263623 2 AN2",24,"Português","Lourenço Santos"),
/*Ponta*/
("888888888 8 XX8",18,"Português","Bernardo Sousa"),
("439483992 1 LM2",29,"Cubano","Adonis Garcia"),
("317851684 4 ON2",20,"Português","Marco Duarte"),
/*Pivô*/
("245636621 2 LG3",17,"Português","Rodrigo Francisco"),
("542323256 8 NC8",21,"Togo","Abdoula Modi"),
/*Lateral*/
("309879876 1 FR2",32,"Brasileiro","Bruno Saurin"),
("544565653 5 AS6",22,"Português","Daniel Vieira"),
/*ADA MAIA*/
/*GR*/
("461784168 4 AS2",25,"Português","David Sousa"),
("461784169 4 AS2",22,"Português","Carlos Oliveira"),
/*DEF*/
("461784170 4 AS2",19,"Português","Pedro Castro"),
("461784171 4 AS2",22,"Português","Francisco Silva"),
/*PONTA*/
("461784172 4 AS2",20,"Português","Gustavo Marques"),
("461784173 4 AS2",25,"Português","Henrique Figueiredo"),
("461784174 4 AS2",18,"Português","Nuno Oliveira"),
/*PIVO*/
("461784175 4 AS2",20,"Português","José Pedro"),
("461784176 4 AS2",20,"Português","Hugo Costa"),
("461784179 4 AS2",25,"Português","Miguel Salgado"),
/*LATERAL*/
("461784177 4 AS2",23,"Português","Rui Oliveira"),
("461784178 4 AS2",27,"Português","Mário Silva"),
/*Viseu*/
/*GR*/ 
("987654332 2 BV3",20,"Português","Rodrigo Gameiro"),
("987654333 2 BV3",31,"Português","António Silva"),
/*DEF*/
("987654334 2 BV3",27,"Português","Miguel Cortinhas"),
("987654335 2 BV3",18,"Português","Eduardo Martins"),
/*PONTA*/
("987654336 2 BV3",25,"Português","André Lima"),
("987654337 2 BV3",19,"Português","Benjamim João"),
("987654338 2 BV3",22,"Português","Tiago Arrojado"),
/*PIVO*/
("987654339 2 BV3",19,"Português","Eduardo Almeida"),
("987654340 2 BV3",31,"Brasileiro","Jefferson Bastos"),
/*LATERAL*/
("987654341 2 BV3",26,"Brasileiro","Matheus Victor"),
("987654342 2 BV3",27,"Português","Miguel Vieira"),
("987654355 2 BV3",35,"Português","Tiago Heber"),
/*Santo Tirso*/
/*GR*/ 
("987654343 2 BV3",21,"Português","João Edra"),
("987654344 2 BV3",22,"Português","João Esteves"),
/*DEF*/
("987654345 2 BV3",25,"Português","Rúben Marques"),
("987654346 2 BV3",24,"Português","Nicolau Almeida"),
/*PONTA*/
("987654347 2 BV3",24,"Português","Diogo Carneiro"),
("987654348 2 BV3",27,"Português","António Gomes"),
("987654349 2 BV3",19,"Português","Diogo Ferreira"),
/*PIVO*/
("987654350 2 BV3",20,"Português","Francisco Morgado"),
("987654351 2 BV3",29,"Português","Vasco Marques"),
/*LATERAL*/
("987654352 2 BV3",21,"Português","Bernardo Ferreira"),
("987654353 2 BV3",18,"Português","David Braga"),
("987654354 2 BV3",25,"Português","Ricardo Ávila");

INSERT INTO Jogador VALUES 
/*FC PORTO*/
/*GR*/
("123123321 1 XJ4",0,0.0,3,"Guarda-Redes"),
("265725628 1 MN3",0,0.0,1,"Guarda-Redes"),
("266962782 1 UC2",0,0.0,0,"Guarda-Redes"),
/*DEF*/
("232312343 1 LO9",1,0.25,4,"Central"),
("225235235 1 KI7",0,0.0,4,"Central"),
("246875689 1 BI2",0,0.0,4,"Central"),
/*PONTA*/
("258761432 1 GH2",8,2.0,4,"Ponta"),
("234356543 1 AN5",13,4.33,3,"Ponta"),
("256437848 1 RE2",20,5.0,4,"Ponta"),
("286125461 1 QW2",13,7.5,2,"Ponta"),
/*Pivô*/
("165175175 1 BH3",4,1.0,4,"Pivô"),
("196483648 1 HJ1",7,1.75,4,"Pivô"),
("198982314 1 KT6",4,1.0,4,"Pivô"),
/*Laterais*/
("167834639 1 PO9",19,7.25,4,"Lateral"),
("125456124 1 GH9",24,8.5,4,"Lateral"),
("145367244 1 YU6",0,0.0,0,"Lateral"),
("157576588 1 XY1",12,3.0,4,"Lateral"),
("241471476 1 HI8",5,1.25,4,"Lateral"),
("241233234 1 BR2",4,1.0,4,"Lateral"),
/*Sporting*/
/*GR*/ 
("183773748 1 JK6",0,0.0,4,"Guarda-Redes"),
("156325735 1 PL2",0,0.0,0,"Guarda-Redes"),
("126451741 1 TY1",0,0.0,0,"Guarda-Redes"),
/*Central*/
("154653434 1 YH2",0,0.0,4,"Central"),
("232756385 1 UW2",0,0.0,4,"Central"),
("276322673 1 QZ1",1,0.25,4,"Central"),
/*Ponta*/
("183424342 1 QR1",5,1.25,4,"Ponta"),
("124145344 2 AQ6",3,3.0,1,"Ponta"),
("143643543 2 PO1",10,5.0,2,"Ponta"),
("156363534 2 KO1",0,0.0,0,"Ponta"),
("276746456 2 ZT4",15,3.75,4,"Ponta"),
/*Pivô*/
("256534535 2 TY2",9,2.25,4,"Pivô"),
("243525242 2 UI6",3,0.75,4,"Pivô"),
("253573437 2 RE2",1,1.0,1,"Pivô"),
("242524626 3 RR3",19,4.75,4,"Pivô"),
/*Lateral*/
("267567654 3 GJ7",13,3.25,4,"Lateral"),
("264363677 3 DQ2",0,0.0,0,"Lateral"),
("141515155 3 FR2",10,3.33,3,"Lateral"),
("124115545 3 NH1",21,5.5,2,"Lateral"),
("124143455 3 DE3",23,4.25,4,"Lateral"),
/*Benfica*/
/*GR*/
("233294834 1 HG3",0,0.0,4,"Guarda-Redes"),
("153534534 1 JU5",0,0.0,0,"Guarda-Redes"),
/*DEF*/
("124154151 2 UG1",0,0.0,4,"Central"),
("195265825 1 AF3",0,0.0,3,"Central"),
("153453663 1 HT6",0,0.0,4,"Central"),
/*Ponta*/
("344534663 2 KJ1",27,6.75,4,"Ponta"),
("123987561 3 QA5",15,3.75,4,"Ponta"),
("213124151 2 NT6",3,3.0,1,"Ponta"),
("287518794 2 AE2",0,0.0,0,"Ponta"),
/*Pivô*/
("124141434 4 TR4",5,2.5,2,"Pivô"),
("235325535 3 RE2",8,2.0,4,"Pivô"),
("131342535 2 SQ1",0,0.0,0,"Pivô"),
("341241443 2 SF2",15,3.75,4,"Pivô"),
/*Lateral*/
("123343439 5 MV3",22,8.5,2,"Lateral"),
("348736432 3 LP2",17,1.75,4,"Lateral"),
("231342144 2 AZ1",2,0.5,4,"Lateral"),
("243424324 1 NC7",22,5.5,4,"Lateral"),
/*Marítimo*/
/*GR*/
("213141412 2 FN2",0,0.0,4,"Guarda-Redes"),
("422471402 6 HV2",0,0.0,1,"Guarda-Redes"),
/*Central*/
("231212445 3 HN2",0,0.0,3,"Central"),
("231412451 1 LM1",0,0.0,4,"Central"),
("364364636 3 TF2",2,0.0,4,"Central"),
/*Ponta*/
("123141412 2 HB2",15,5.0,3,"Ponta"),
("231414421 1 LM2",3,1.0,3,"Ponta"),
("374198719 2 TB1",14,4.5,4,"Ponta"),
("234141441 1 OK1",0,0.0,0,"Ponta"),
/*Pivô*/
("124141241 1 YN2",13,3.25,4,"Pivô"),
("345332411 9 XA2",1,0.75,4,"Pivô"),
("241151531 3 AZ2",4,2.2,2,"Pivô"),
("124414533 1 AX3",0,0.0,0,"Pivô"),
/*Lateral*/
("222222232 2 AA2",17,5.66,3,"Lateral"),
("123414144 4 ZQ1",13,4.33,3,"Lateral"),
("111222233 3 QE1",20,5.0,4,"Lateral"),
("124141324 2 GN3",5,2.5,2,"Lateral"),
("324342342 2 FN2",8,2.0,4,"Lateral"),
/*Águas Santas*/
/*GR*/
("234141333 2 QB2",0,0.0,2,"Guarda-Redes"),
("234141334 2 QB2",0,0.0,1,"Guarda-Redes"),
("234141335 2 QB2",0,0.0,1,"Guarda-Redes"),
/*DEF*/
("234141336 2 QB2",0,0.0,4,"Central"),
("234141337 2 QB2",2,0.0,4,"Central"),
/*Ponta*/
("234141338 2 QB2",19,4.75,4,"Ponta"),
("234141339 2 QB2",3,1.5,2,"Ponta"),
("234141341 2 QB2",5,1.25,4,"Ponta"),
("234141342 2 QB2",10,5.0,2,"Ponta"),
("234141343 2 QB2",13,3.25,4,"Ponta"),
/*Pivô*/
("234141344 2 QB2",5,1.25,4,"Pivô"),
("234141345 2 QB2",1,0.5,2,"Pivô"),
("234141346 2 QB2",9,3.0,3,"Pivô"),
/*Lateral*/
("234141347 2 QB2",12,4.0,3,"Lateral"),
("234141348 2 QB2",10,2.25,4,"Lateral"),
("234141349 2 QB2",7,3.75,2,"Lateral"),
("234141350 2 QB2",6,1.5,4,"Lateral"),
("234141351 2 QB2",5,5.0,1,"Lateral"),
/*ABC*/
/*GR*/
("134115312 3 MX1",0,0.0,2,"Guarda-Redes"),
("215153554 3 LM1",0,0.0,2,"Guarda-Redes"),
/*DEF*/
("124125254 4 AS1",0,0.0,4,"Central"),
("242312312 2 MN1",0,0.0,4,"Central"),
("124154545 3 JX2",0,0.0,4,"Central"),
/*Ponta*/
("134141411 1 AA2",22,5.5,4,"Ponta"),
("233252355 2 PF3",13,6.5,2,"Ponta"),
("314151511 1 AC2",18,6.0,3,"Ponta"),
/*Pivô*/
("241415151 1 LH3",3,1.5,2,"Pivô"),
("737438151 1 RF4",10,5.0,2,"Pivô"),
("515353553 2 AM1",7,1.75,4,"Pivô"),
/*Lateral*/
("141413434 3 OC6",26,6.5,4,"Lateral"),
("131341344 2 LZ2",13,4.33,3,"Lateral"),
("246262664 2 VE1",19,4.75,4,"Lateral"),
/*Belenenses*/
/*GR*/
("141415112 2 OI6",0,0.0,2,"Guarda-Redes"),
("141415113 2 OI6",0,0.0,2,"Guarda-Redes"),
/*DEF*/
("141415114 2 OI6",0,0.0,4,"Central"),
("141415115 2 OI6",0,0.0,4,"Central"),
/*PONTA*/
("141415116 2 OI6",28,7.0,4,"Ponta"),
("141415117 2 OI6",12,3.0,4,"Ponta"),
("141415118 2 OI6",12,3.0,4,"Ponta"),
/*Pivô*/
("141415119 2 OI6",3,1.5,2,"Pivô"),
("141415120 2 OI6",5,1.25,4,"Pivô"),
/*Lateral*/
("141415121 2 OI6",12,4.0,3,"Lateral"),
("141415122 2 OI6",15,4.0,3,"Lateral"),
("141415123 2 OI6",8,4.0,3,"Lateral"),
/*Varzim*/
/*GR*/
("123189898 7 YH2",0,0.0,3,"Guarda-Redes"),
("414141414 1 OJ2",0,0.0,1,"Guarda-Redes"),
/*DEF*/
("988328323 3 PL2",5,1.25,4,"Central"),
("144433333 1 IN2",0,0.0,4,"Central"),
/*Ponta*/
("141498989 8 QS1",15,7.0,4,"Ponta"),
("241414399 8 PM2",7,7.0,4,"Ponta"),
("353252353 4 QM3",17,4.25,4,"Ponta"),
/*Pivô*/
("342424424 2 AZ2",4,2.0,2,"Pivô"),
("343242999 1 AA4",9,2.25,4,"Pivô"),
/*Lateral*/
("643643643 1 QW2",15,3.75,4,"Lateral"),
("124167373 4 WQ1",23,7.66,3,"Lateral"),
("314515154 3 ZE1",28,7.0,4,"Lateral"),
/*Vitória FC*/
/*GR*/
("437437473 3 SI2",0,0.0,1,"Guarda-Redes"),
("148394348 4 MI3",0,0.0,3,"Guarda-Redes"),
/*DEF*/
("242324624 8 XA2",2,0.5,4,"Central"),
("242415646 3 LC3",1,0.25,4,"Central"),
/*Ponta*/
("655343434 3 PX2",18,4.5,4,"Ponta"),
("423552552 6 OC3",12,6.0,2,"Ponta"),
("321313323 1 QS5",10,3.33,3,"Ponta"),
/*Pivô*/
("344141414 1 WS1",13,3.25,4,"Pivô"),
("124141241 5 QL7",11,2.75,4,"Pivô"),
/*Lateral*/
("656535353 4 XD2",25,6.25,4,"Lateral"),
("153151554 1 LX1",15,3.75,4,"Lateral"),
/*Gaia*/
/*GR*/
("111111111 1 AA1",0,0.0,2,"Guarda-Redes"),
("111111112 1 AA1",0,0.0,4,"Guarda-Redes"),
/*Def*/
("111111113 1 AA1",2,0.5,4,"Central"),
("111111114 1 AA1",3,0.75,4,"Central"),
/*Ponta*/
("111111115 1 AA1",15,3.75,4,"Ponta"),
("111111116 1 AA1",17,4.25,4,"Ponta"),
("111111117 1 AA1",18,4.5,4,"Ponta"),
/*Pivô*/
("111111118 1 AA1",1,0.5,2,"Pivô"),
("111111119 1 AA1",9,3.0,3,"Pivô"),
/*Lateral*/
("111111120 1 AA1",15,5.0,3,"Lateral"),
("111111121 1 AA1",10,2.5,4,"Lateral"),
("111111122 1 AA1",14,3.5,4,"Lateral"),
/*Avanca*/
/*GR*/
("342342523 2 MI3",0,0.0,2,"Guarda-Redes"),
("235545666 1 LX1",0,0.0,4,"Guarda-Redes"),
/*DEF*/
("343456569 5 OC5",3,0.75,4,"Central"),
("973263623 2 AN2",0,0.0,4,"Central"),
/*Ponta*/
("888888888 8 XX8",11,2.75,4,"Ponta"),
("439483992 1 LM2",18,4.5,4,"Ponta"),
("317851684 4 ON2",13,3.25,4,"Ponta"),
/*Pivô*/
("245636621 2 LG3",4,2.0,2,"Pivô"),
("542323256 8 NC8",2,1.0,2,"Pivô"),
/*Lateral*/
("309879876 1 FR2",25,6.25,4,"Lateral"),
("544565653 5 AS6",21,5.25,4,"Lateral"),
/*ADA MAIA*/
/*GR*/
("461784168 4 AS2",0,0.0,4,"Guarda-Redes"),
("461784169 4 AS2",0,0.0,2,"Guarda-Redes"),
/*DEF*/
("461784170 4 AS2",6,1.5,4,"Central"),
("461784171 4 AS2",0,0.0,4,"Central"),
/*PONTA*/
("461784172 4 AS2",9,2.25,4,"Ponta"),
("461784173 4 AS2",15,7.5,2,"Ponta"),
("461784174 4 AS2",11,3.66,3,"Ponta"),
/*PIVO*/
("461784175 4 AS2",4,2.0,2,"Pivô"),
("461784176 4 AS2",5,2.5,2,"Pivô"),
("461784179 4 AS2",2,1.0,2,"Pivô"),
/*LATERAL*/
("461784177 4 AS2",21,5.25,4,"Lateral"),
("461784178 4 AS2",19,4.75,4,"Lateral"),
/*Viseu*/
/*GR*/ 
("987654332 2 BV3",0,0.0,2,"Guarda-Redes"),
("987654333 2 BV3",0,0.0,2,"Guarda-Redes"),
/*DEF*/
("987654334 2 BV3",0,0.0,4,"Central"),
("987654335 2 BV3",0,0.0,4,"Central"),
/*PONTA*/
("987654336 2 BV3",19,4.75,4,"Ponta"),
("987654337 2 BV3",12,3.0,4,"Ponta"),
("987654338 2 BV3",13,3.25,4,"Ponta"),
/*PIVO*/
("987654339 2 BV3",10,3.33,3,"Pivô"),
("987654340 2 BV3",11,3.66,3,"Pivô"),
/*LATERAL*/
("987654341 2 BV3",21,5.25,4,"Lateral"),
("987654342 2 BV3",8,2.66,3,"Lateral"),
("987654355 2 BV3",8,4.0,2,"Lateral"),
/*Santo Tirso*/
/*GR*/ 
("987654343 2 BV3",0,0.0,2,"Guarda-Redes"),
("987654344 2 BV3",0,0.0,2,"Guarda-Redes"),
/*DEF*/
("987654345 2 BV3",2,0.5,4,"Central"),
("987654346 2 BV3",0,0.0,4,"Central"),
/*PONTA*/
("987654347 2 BV3",11,2.75,4,"Ponta"),
("987654348 2 BV3",8,2.0,4,"Ponta"),
("987654349 2 BV3",9,2.25,4,"Ponta"),
/*PIVO*/
("987654350 2 BV3",9,2.25,4,"Pivô"),
("987654351 2 BV3",3,1.5,2,"Pivô"),
/*LATERAL*/
("987654352 2 BV3",27,5.75,4,"Lateral"),
("987654353 2 BV3",21,7.0,3,"Lateral"),
("987654354 2 BV3",19,6.33,3,"Lateral");


INSERT INTO Membro VALUES
/*FC PORTO*/
/*GR*/
("123123321 1 XJ4","FC Porto",16,'F'),
("265725628 1 MN3","FC Porto",32,'F'),
("266962782 1 UC2","FC Porto",27,'F'),
/*DEF*/
("232312343 1 LO9","FC Porto",3,'F'),
("225235235 1 KI7","FC Porto",10,'F'),
("246875689 1 BI2","FC Porto",14,'F'),
/*PONTA*/
("258761432 1 GH2","FC Porto",25,'V'),
("234356543 1 AN5","FC Porto",29,'F'),
("256437848 1 RE2","FC Porto",21,'F'),
("286125461 1 QW2","FC Porto",23,'F'),
/*Pivô*/
("165175175 1 BH3","FC Porto",4,'F'),
("196483648 1 HJ1","FC Porto",15,'F'),
("198982314 1 KT6","FC Porto",17,'F'),
/*Laterais*/
("167834639 1 PO9","FC Porto",7,'F'),
("125456124 1 GH9","FC Porto",18,'F'),
("145367244 1 YU6","FC Porto",2,'F'),
("157576588 1 XY1","FC Porto",9,'F'),
("241471476 1 HI8","FC Porto",13,'F'),
("241233234 1 BR2","FC Porto",88,'F'),

/*Sporting*/
/*GR*/ 
("183773748 1 JK6","Sporting",16,'F'),
("156325735 1 PL2","Sporting",24,'F'),
("126451741 1 TY1","Sporting",40,'F'),
/*Central*/
("154653434 1 YH2","Sporting",7,'F'),
("232756385 1 UW2","Sporting",9,'F'),
("276322673 1 QZ1","Sporting",11,'F'),
/*Ponta*/
("183424342 1 QR1","Sporting",19,'F'),
("124145344 2 AQ6","Sporting",22,'F'),
("143643543 2 PO1","Sporting",34,'F'),
("156363534 2 KO1","Sporting",77,'F'),
("276746456 2 ZT4","Sporting",21,'F'),
/*Pivô*/
("256534535 2 TY2","Sporting",2,'F'),
("243525242 2 UI6","Sporting",8,'F'),
("253573437 2 RE2","Sporting",10,'V'),
("242524626 3 RR3","Sporting",14,'F'),
/*Lateral*/
("267567654 3 GJ7","Sporting",6,'F'),
("264363677 3 DQ2","Sporting",33,'F'),
("141515155 3 FR2","Sporting",5,'F'),
("124115545 3 NH1","Sporting",13,'F'),
("124143455 3 DE3","Sporting",79,'F'),
/*Benfica*/
/*GR*/
("233294834 1 HG3","Benfica",16,'F'),
("153534534 1 JU5","Benfica",25,'F'),
/*DEF*/
("124154151 2 UG1","Benfica",5,'F'),
("195265825 1 AF3","Benfica",7,'V'),
("153453663 1 HT6","Benfica",11,'F'),
/*Ponta*/
("344534663 2 KJ1","Benfica",19,'F'),
("123987561 3 QA5","Benfica",23,'F'),
("213124151 2 NT6","Benfica",8,'F'),
("287518794 2 AE2","Benfica",27,'F'),
/*Pivô*/
("124141434 4 TR4","Benfica",13,'F'),
("235325535 3 RE2","Benfica",22,'F'),
("131342535 2 SQ1","Benfica",77,'F'),
("341241443 2 SF2","Benfica",99,'F'),
/*Lateral*/
("123343439 5 MV3","Benfica",30,'F'),
("348736432 3 LP2","Benfica",33,'F'),
("231342144 2 AZ1","Benfica",9,'F'),
("243424324 1 NC7","Benfica",28,'F'),
/*Marítimo*/
/*GR*/
("213141412 2 FN2","Marítimo",1,'F'),
("422471402 6 HV2","Marítimo",20,'F'),
/*Central*/
("231212445 3 HN2","Marítimo",18,'F'),
("231412451 1 LM1","Marítimo",24,'F'),
("364364636 3 TF2","Marítimo",31,'F'),
/*Ponta*/
("123141412 2 HB2","Marítimo",14,'F'),
("231414421 1 LM2","Marítimo",23,'F'),
("374198719 2 TB1","Marítimo",77,'F'),
("234141441 1 OK1","Marítimo",7,'F'),
/*Pivô*/
("124141241 1 YN2","Marítimo",2,'F'),
("345332411 9 XA2","Marítimo",10,'F'),
("241151531 3 AZ2","Marítimo",33,'F'),
("124414533 1 AX3","Marítimo",44,'F'),
/*Lateral*/
("222222232 2 AA2","Marítimo",5,'F'),
("123414144 4 ZQ1","Marítimo",17,'F'),
("111222233 3 QE1","Marítimo",3,'F'),
("124141324 2 GN3","Marítimo",21,'V'),
("324342342 2 FN2","Marítimo",9,'F'),
/*Águas Santas*/
/*GR*/
("234141333 2 QB2","Águas Santas",12,'F'),
("234141334 2 QB2","Águas Santas",16,'F'),
("234141335 2 QB2","Águas Santas",36,'F'),
/*DEF*/
("234141336 2 QB2","Águas Santas",4,'F'),
("234141337 2 QB2","Águas Santas",27,'F'),
/*Ponta*/
("234141338 2 QB2","Águas Santas",13,'F'),
("234141339 2 QB2","Águas Santas",77,'F'),
("234141341 2 QB2","Águas Santas",3,'F'),
("234141342 2 QB2","Águas Santas",20,'F'),
("234141343 2 QB2","Águas Santas",26,'V'),
/*Pivô*/
("234141344 2 QB2","Águas Santas",11,'F'),
("234141345 2 QB2","Águas Santas",17,'F'),
("234141346 2 QB2","Águas Santas",19,'F'),
/*Lateral*/
("234141347 2 QB2","Águas Santas",5,'F'),
("234141348 2 QB2","Águas Santas",8,'F'),
("234141349 2 QB2","Águas Santas",23,'F'),
("234141350 2 QB2","Águas Santas",7,'F'),
("234141351 2 QB2","Águas Santas",10,'F'),
/*ABC*/
/*GR*/
("134115312 3 MX1","ABC",1,'V'),
("215153554 3 LM1","ABC",16,'F'),
/*DEF*/
("124125254 4 AS1","ABC",3,'F'),
("242312312 2 MN1","ABC",5,'F'),
("124154545 3 JX2","ABC",14,'F'),
/*Ponta*/
("134141411 1 AA2","ABC",54,'F'),
("233252355 2 PF3","ABC",9,'F'),
("314151511 1 AC2","ABC",13,'F'),
/*Pivô*/
("241415151 1 LH3","ABC",45,'F'),
("737438151 1 RF4","ABC",17,'F'),
("515353553 2 AM1","ABC",48,'F'),
/*Lateral*/
("141413434 3 OC6","ABC",2,'F'),
("131341344 2 LZ2","ABC",57,'F'),
("246262664 2 VE1","ABC",10,'F'),
/*Belenenses*/
/*GR*/
("141415112 2 OI6","Belenenses",16,'F'),
("141415113 2 OI6","Belenenses",1,'F'),
/*DEF*/
("141415114 2 OI6","Belenenses",5,'F'),
("141415115 2 OI6","Belenenses",7,'F'),
/*PONTA*/
("141415116 2 OI6","Belenenses",21,'F'),
("141415117 2 OI6","Belenenses",4,'F'),
("141415118 2 OI6","Belenenses",19,'F'),
/*Pivô*/
("141415119 2 OI6","Belenenses",6,'V'),
("141415120 2 OI6","Belenenses",15,'F'),
/*Lateral*/
("141415121 2 OI6","Belenenses",11,'F'),
("141415122 2 OI6","Belenenses",25,'F'),
("141415123 2 OI6","Belenenses",21,'F'),
/*Varzim*/
/*GR*/
("123189898 7 YH2","Póvoa AC",1,'F'),
("414141414 1 OJ2","Póvoa AC",12,'F'),
/*DEF*/
("988328323 3 PL2","Póvoa AC",10,'V'),
("144433333 1 IN2","Póvoa AC",34,'F'),
/*Ponta*/
("141498989 8 QS1","Póvoa AC",8,'F'),
("241414399 8 PM2","Póvoa AC",73,'F'),
("353252353 4 QM3","Póvoa AC",15,'F'),
/*Pivô*/
("342424424 2 AZ2","Póvoa AC",3,'F'),
("343242999 1 AA4","Póvoa AC",77,'F'),
/*Lateral*/
("643643643 1 QW2","Póvoa AC",7,'F'),
("124167373 4 WQ1","Póvoa AC",17,'F'),
("314515154 3 ZE1","Póvoa AC",6,'F'),
/*Vitória FC*/
/*GR*/
("437437473 3 SI2","Vitória FC",1,'F'),
("148394348 4 MI3","Vitória FC",12,'F'),
/*DEF*/
("242324624 8 XA2","Vitória FC",26,'V'),
("242415646 3 LC3","Vitória FC",23,'F'),
/*Ponta*/
("655343434 3 PX2","Vitória FC",2,'F'),
("423552552 6 OC3","Vitória FC",17,'F'),
("321313323 1 QS5","Vitória FC",20,'F'),
/*Pivô*/
("344141414 1 WS1","Vitória FC",21,'F'),
("124141241 5 QL7","Vitória FC",3,'F'),
/*Lateral*/
("656535353 4 XD2","Vitória FC",9,'F'),
("153151554 1 LX1","Vitória FC",86,'F'),
/*Gaia*/
/*GR*/
("111111111 1 AA1","FC Gaia",1,'F'),
("111111112 1 AA1","FC Gaia",12,'F'),
/*Def*/
("111111113 1 AA1","FC Gaia",7,'F'),
("111111114 1 AA1","FC Gaia",8,'F'),
/*Ponta*/
("111111115 1 AA1","FC Gaia",19,'F'),
("111111116 1 AA1","FC Gaia",24,'F'),
("111111117 1 AA1","FC Gaia",17,'F'),
/*Pivô*/
("111111118 1 AA1","FC Gaia",24,'F'),
("111111119 1 AA1","FC Gaia",20,'V'),
/*Lateral*/
("111111120 1 AA1","FC Gaia",10,'F'),
("111111121 1 AA1","FC Gaia",14,'F'),
("111111122 1 AA1","FC Gaia",16,'F'),
/*Avanca*/
/*GR*/
("342342523 2 MI3","Artística de Avanca",12,'F'),
("235545666 1 LX1","Artística de Avanca",16,'F'),
/*DEF*/
("343456569 5 OC5","Artística de Avanca",10,'F'),
("973263623 2 AN2","Artística de Avanca",11,'F'),
/*Ponta*/
("888888888 8 XX8","Artística de Avanca",14,'F'),
("439483992 1 LM2","Artística de Avanca",19,'F'),
("317851684 4 ON2","Artística de Avanca",78,'F'),
/*Pivô*/
("245636621 2 LG3","Artística de Avanca",6,'F'),
("542323256 8 NC8","Artística de Avanca",10,'F'),
/*Lateral*/
("309879876 1 FR2","Artística de Avanca",17,'V'),
("544565653 5 AS6","Artística de Avanca",18,'F'),
/*ADA MAIA*/
/*GR*/
("461784168 4 AS2","ADA Maia",1,'F'),
("461784169 4 AS2","ADA Maia",16,'F'),
/*DEF*/
("461784170 4 AS2","ADA Maia",15,'F'),
("461784171 4 AS2","ADA Maia",55,'F'),
/*PONTA*/
("461784172 4 AS2","ADA Maia",23,'F'),
("461784173 4 AS2","ADA Maia",33,'F'),
("461784174 4 AS2","ADA Maia",17,'F'),
/*PIVO*/
("461784175 4 AS2","ADA Maia",10,'F'),
("461784176 4 AS2","ADA Maia",13,'F'),
("461784179 4 AS2","ADA Maia",18,'F'),
/*LATERAL*/
("461784177 4 AS2","ADA Maia",6,'F'),
("461784178 4 AS2","ADA Maia",8,'V'),
/*Viseu*/
/*GR*/ 
("987654332 2 BV3","Académico de Viseu",33,'F'),
("987654333 2 BV3","Académico de Viseu",39,'V'),
/*DEF*/
("987654334 2 BV3","Académico de Viseu",27,'F'),
("987654335 2 BV3","Académico de Viseu",32,'F'),
/*PONTA*/
("987654336 2 BV3","Académico de Viseu",6,'F'),
("987654337 2 BV3","Académico de Viseu",28,'F'),
("987654338 2 BV3","Académico de Viseu",88,'F'),
/*PIVO*/
("987654339 2 BV3","Académico de Viseu",23,'F'),
("987654340 2 BV3","Académico de Viseu",31,'F'),
/*LATERAL*/
("987654341 2 BV3","Académico de Viseu",19,'F'),
("987654342 2 BV3","Académico de Viseu",28,'F'),
("987654355 2 BV3","Académico de Viseu",9,'F'),
/*Santo Tirso*/
/*GR*/ 
("987654343 2 BV3","GC Santo Tirso",1,'F'),
("987654344 2 BV3","GC Santo Tirso",16,'F'),
/*DEF*/
("987654345 2 BV3","GC Santo Tirso",7,'F'),
("987654346 2 BV3","GC Santo Tirso",24,'F'),
/*PONTA*/
("987654347 2 BV3","GC Santo Tirso",8,'F'),
("987654348 2 BV3","GC Santo Tirso",11,'F'),
("987654349 2 BV3","GC Santo Tirso",27,'F'),
/*PIVO*/
("987654350 2 BV3","GC Santo Tirso",30,'F'),
("987654351 2 BV3","GC Santo Tirso",33,'F'),
/*LATERAL*/
("987654352 2 BV3","GC Santo Tirso",18,'F'),
("987654353 2 BV3","GC Santo Tirso",28,'F'),
("987654354 2 BV3","GC Santo Tirso",13,'V');

INSERT INTO  Jogou VALUES
(1,"233294834 1 HG3",0,0,0),
(1,"344534663 2 KJ1",6,3,2),
(1,"213124151 2 NT6",3,1,0),
(1,"287518794 2 AE2",2,2,2),
(1,"131342535 2 SQ1",1,4,3),
(1,"341241443 2 SF2",2,3,1),
(1,"123343439 5 MV3",2,4,3),

(1,"461784168 4 AS2",0,0,0),
(1,"461784171 4 AS2",3,1,0),
(1,"461784172 4 AS2",4,4,2),
(1,"461784173 4 AS2",3,1,1),
(1,"461784174 4 AS2",5,0,0),
(1,"461784175 4 AS2",3,1,0),
(1,"461784176 4 AS2",3,0,0),

(2,"213141412 2 FN2",0,0,0),
(2,"231412451 1 LM1",6,3,2),
(2,"364364636 3 TF2",3,1,0),
(2,"123141412 2 HB2",2,5,2),
(2,"124141241 1 YN2",8,4,3),
(2,"222222232 2 AA2",1,3,1),
(2,"324342342 2 FN2",0,1,1),

(2,"141415112 2 OI6",0,0,0),
(2,"141415119 2 OI6",6,6,6),
(2,"141415114 2 OI6",1,1,0),
(2,"141415115 2 OI6",2,0,0),
(2,"141415116 2 OI6",5,2,1),
(2,"141415117 2 OI6",3,2,1),
(2,"141415118 2 OI6",2,1,1),

(3,"342342523 2 MI3",0,0,0),
(3,"343456569 5 OC5",10,3,2),
(3,"973263623 2 AN2",9,1,0),
(3,"888888888 8 XX8",1,0,0),
(3,"542323256 8 NC8",0,2,0),
(3,"544565653 5 AS6",0,0,0),
(3,"309879876 1 FR2",6,4,2),

(3,"123189898 7 YH2",0,0,0),
(3,"144433333 1 IN2",10,3,2),
(3,"141498989 8 QS1",9,1,0),
(3,"342424424 2 AZ2",1,0,0),
(3,"343242999 1 AA4",0,2,0),
(3,"643643643 1 QW2",0,0,0),
(3,"124167373 4 WQ1",6,4,2),

(4,"111111111 1 AA1",0,1,1),
(4,"111111118 1 AA1",1,1,1),
(4,"111111113 1 AA1",12,1,1),
(4,"111111114 1 AA1",0,1,1),
(4,"111111115 1 AA1",1,1,1),
(4,"111111116 1 AA1",13,1,1),
(4,"111111117 1 AA1",2,1,1),

(4,"134115312 3 MX1",0,0,0),
(4,"242312312 2 MN1",0,0,0),
(4,"124154545 3 JX2",1,0,0),
(4,"233252355 2 PF3",15,1,0),
(4,"241415151 1 LH3",0,0,0),
(4,"141413434 3 OC6",5,2,0),
(4,"246262664 2 VE1",4,1,1),

(5,"437437473 3 SI2",0,1,0),
(5,"242415646 3 LC3",2,0,0),
(5,"655343434 3 PX2",1,1,1),
(5,"423552552 6 OC3",5,0,0),
(5,"344141414 1 WS1",14,1,1),
(5,"656535353 4 XD2",2,2,1),
(5,"153151554 1 LX1",2,0,0),

(5,"183773748 1 JK6",0,0,0),
(5,"154653434 1 YH2",1,1,1),
(5,"232756385 1 UW2",2,0,0),
(5,"276322673 1 QZ1",9,1,1),
(5,"156363534 2 KO1",1,0,0),
(5,"243525242 2 UI6",13,3,1),
(5,"253573437 2 RE2",1,1,1),

(6,"234141333 2 QB2",0,0,0),
(6,"234141336 2 QB2",0,0,0),
(6,"234141337 2 QB2",0,0,0),
(6,"234141338 2 QB2",19,0,0),
(6,"234141339 2 QB2",5,1,1),
(6,"234141335 2 QB2",3,2,2),
(6,"234141341 2 QB2",12,0,0),

(6,"123123321 1 XJ4",0,0,0),
(6,"225235235 1 KI7",0,0,0),
(6,"258761432 1 GH2",0,0,0),
(6,"256437848 1 RE2",14,2,2),
(6,"198982314 1 KT6",8,1,1),
(6,"241471476 1 HI8",9,0,0),
(6,"241233234 1 BR2",6,3,3),

(7,"987654332 2 BV3",0,1,1),
(7,"987654340 2 BV3",0,0,0),
(7,"987654335 2 BV3",0,1,1),
(7,"987654336 2 BV3",10,0,0),
(7,"987654337 2 BV3",5,2,2),
(7,"987654338 2 BV3",5,1,1),
(7,"987654339 2 BV3",7,2,2),

(7,"987654343 2 BV3",0,0,0),
(7,"987654346 2 BV3",5,2,2),
(7,"987654347 2 BV3",0,2,2),
(7,"987654348 2 BV3",6,1,1),
(7,"987654349 2 BV3",2,1,1),
(7,"987654350 2 BV3",8,3,3),
(7,"987654352 2 BV3",10,0,0);
